id,first_name,last_name,email,gender,City,Address,Cod
1,Cheri,Dunsmore,cdunsmore0@instagram.com,Female,Palma De Mallorca,Rockefeller Crossing,076
2,Hunt,Bartomeu,hbartomeu1@nsw.gov.au,Male,Lugo,Utah Junction,0046
3,Michaeline,Paynton,mpaynton2@narod.ru,Female,,Corry Crossing,0
4,Filmer,Eirwin,feirwin3@intel.com,,Leon,American Ash Road,5
5,Tanhya,Lubbock,tlubbock4@huffingtonpost.com,Female,"Hospitalet De Llobregat, L'",Merry Circle,9289
6,Stacy,Minchinton,sminchinton5@ameblo.jp,Male,Palma De Mallorca,Meadow Vale Way,4
7,Harv,Sandes,hsandes6@who.int,Male,Lleida,Menomonie Circle,20
8,Aubree,Jirsa,,Female,Santander,Schurz Court,8294
9,Tymon,Darragh,tdarragh8@free.fr,Male,,Trailsway Way,41
10,Igor,Dwelley,idwelley9@flickr.com,Male,Lugo,,
11,Chase,Godilington,cgodilingtona@spiegel.de,Male,,Bluestem Court,13
12,Viola,Maggiore,vmaggioreb@cpanel.net,Female,Malaga,Chinook Hill,57
13,Maegan,Miner,mminerc@guardian.co.uk,Female,Malaga,Corben Place,0016
14,Elena,Crummey,ecrummeyd@imgur.com,,Valladolid,Sherman Street,76694
15,Cyndy,Toothill,ctoothille@canalblog.com,Female,Lleida,Erie Point,1165
16,Lionello,Shelborne,lshelbornef@e-recht24.de,Male,Murcia,Holy Cross Terrace,21845
17,Yance,Martinetto,,Male,Pamplona/Iruña,Anthes Pass,4
18,Lauren,Grime,lgrimeh@illinois.edu,Male,Pamplona/Iruña,Darwin Circle,0
19,Sena,MacElane,smacelanei@youtu.be,Female,,Claremont Trail,8032
20,Mildred,Kearns,mkearnsj@twitter.com,Female,Barcelona,Toban Junction,789
21,Frasquito,Skeemor,fskeemork@t-online.de,Male,Murcia,Golf View Alley,46
22,Wally,Rushman,wrushmanl@desdev.cn,Female,Palencia,Northwestern Street,31492
23,Cody,Leindecker,cleindeckerm@theguardian.com,Polygender,Pontevedra,Kedzie Junction,113
24,Blanch,Andrivel,bandriveln@fema.gov,Genderfluid,Santander,Fisk Circle,77523
25,Ingrim,Holywell,iholywello@nbcnews.com,Male,Palma De Mallorca,Forest Dale Street,1704
26,Yehudi,McHan,ymchanp@globo.com,Male,Girona,Loomis Street,5
27,Tremain,MacBean,tmacbeanq@php.net,Male,Fuenlabrada,Cherokee Road,83
28,Nelson,Spears,nspearsr@state.gov,Male,Valladolid,Westridge Lane,50
29,Jere,Bampkin,jbampkins@wunderground.com,Male,Jaen,Mockingbird Avenue,4478
30,Selena,Wyett,swyettt@hc360.com,Female,Pamplona/Iruña,Hoffman Trail,33303
31,Rourke,Biers,rbiersu@list-manage.com,Male,Almeria,Esch Drive,693
32,Libby,Relf,lrelfv@nih.gov,Female,Elx/Elche,Stang Hill,0
33,Adoree,Cutchey,acutcheyw@seesaa.net,,,Marcy Parkway,917
34,Griffith,Meijer,gmeijerx@bravesites.com,Male,Getafe,Quincy Pass,32
35,Egon,Lafflin,elaffliny@a8.net,Male,Sevilla,,
36,Louisa,Padfield,lpadfieldz@diigo.com,,"Coruña, A",Farmco Drive,76008
37,Jodie,Taillant,jtaillant10@artisteer.com,Male,Barcelona,Old Shore Avenue,6546
38,Geneva,Godson,ggodson11@exblog.jp,Female,Zaragoza,Northwestern Road,362
39,Gnni,Date,gdate12@usgs.gov,,"Palmas De Gran Canaria, Las",Ilene Center,16
40,Ramsey,Conkling,rconkling13@usnews.com,Polygender,Cadiz,Steensland Alley,943
41,Cory,Flaunier,cflaunier14@oaic.gov.au,Male,Tarragona,Anderson Alley,22
42,Patience,Roakes,proakes15@odnoklassniki.ru,Female,Santiago De Compostela,Pine View Court,0
43,Salmon,Ricciardello,,Male,Donostia-San Sebastian,Montana Drive,5237
44,Kerwinn,Tufts,ktufts17@aboutads.info,Male,,Kedzie Court,9
45,Laurena,Joubert,ljoubert18@smugmug.com,Female,,Oxford Center,01680
46,Erina,Crummay,ecrummay19@dagondesign.com,Female,Cadiz,Hagan Hill,39
47,Shirleen,Shellard,sshellard1a@com.com,Female,Cartagena,Bluejay Drive,5661
48,Wendell,Kineton,wkineton1b@psu.edu,Non-binary,Leon,Aberg Plaza,397
49,Hattie,Beecker,hbeecker1c@instagram.com,Female,Palma De Mallorca,Morningstar Lane,02463
50,Neal,Blore,nblore1d@photobucket.com,Male,Madrid,South Crossing,07682
51,Sarette,Colchett,scolchett1e@admin.ch,Polygender,Ceuta,Northview Avenue,23
52,Rori,Riddlesden,rriddlesden1f@techcrunch.com,Polygender,"Coruña, A",Killdeer Way,74107
53,Desmond,Arnet,darnet1g@facebook.com,,Pontevedra,Merchant Park,79954
54,Irv,Dubbin,idubbin1h@hibu.com,Male,Vigo,Kedzie Court,826
55,Pearla,Puller,ppuller1i@ibm.com,Female,Valencia,Dorton Circle,78019
56,Lemar,Ledram,lledram1j@xing.com,,Sabadell,Stoughton Place,0
57,Morganne,Philpott,mphilpott1k@fda.gov,Female,Granada,Arkansas Alley,66743
58,Deborah,Lared,dlared1l@sitemeter.com,Female,,Comanche Lane,95534
59,Marj,Fetter,mfetter1m@go.com,Female,Valencia,Veith Drive,964
60,Corrie,Riley,criley1n@nps.gov,Male,,Towne Center,4040
61,Merla,Pauly,mpauly1o@livejournal.com,Female,Santander,Maple Parkway,5266
62,Simone,Jackes,sjackes1p@alibaba.com,Female,Pamplona/Iruña,Merrick Crossing,4252
63,Vina,Brandham,vbrandham1q@google.pl,Female,"Palmas De Gran Canaria, Las",Sullivan Parkway,77
64,Kalle,O'Lenechan,kolenechan1r@twitter.com,Male,Vigo,Reindahl Center,09891
65,Farlay,Donisi,fdonisi1s@meetup.com,Male,Almeria,Graedel Crossing,7
66,Erma,Dowsey,edowsey1t@youtu.be,Female,Fuenlabrada,Michigan Pass,2
67,Constantin,Prescote,cprescote1u@mysql.com,Male,Sevilla,Cottonwood Avenue,336
68,Christophe,Spier,cspier1v@usda.gov,Male,Santander,Mesta Junction,802
69,Merry,Bartolini,mbartolini1w@netvibes.com,Non-binary,Pamplona/Iruña,Scoville Way,44
70,Odille,Porcher,oporcher1x@vkontakte.ru,Female,Valladolid,Hagan Court,55655
71,Inness,Lamkin,ilamkin1y@patch.com,Male,Almeria,Maple Pass,363
72,Niki,Corsor,ncorsor1z@wp.com,,Albacete,Vidon Pass,91
73,Reinald,Platts,rplatts20@phpbb.com,,Malaga,,
74,Tate,Capehorn,tcapehorn21@comsenz.com,Male,Barcelona,,
75,Inglis,Chretien,ichretien22@1688.com,Male,Teruel,Nevada Parkway,71
76,Cullan,McCurdy,cmccurdy23@godaddy.com,,Leon,Coolidge Center,5
77,Sig,Bowart,sbowart24@webnode.com,Male,Madrid,Orin Crossing,47391
78,Henryetta,Styan,hstyan25@weather.com,Female,Valencia,Kim Parkway,4836
79,Darryl,Spain,dspain26@dion.ne.jp,Female,Leon,Columbus Place,5
80,Torrin,Burgoine,tburgoine27@bizjournals.com,Male,Cartagena,Anthes Court,16
81,Emylee,Yacobsohn,eyacobsohn28@wikia.com,,Aviles,Helena Place,883
82,Uta,Crasford,,Female,Lugo,,
83,Sofia,Guiduzzi,sguiduzzi2a@surveymonkey.com,Female,Donostia-San Sebastian,Crowley Avenue,1020
84,Danita,Whitsey,dwhitsey2b@paypal.com,Female,Tarragona,American Ash Parkway,8178
85,Michale,Setch,msetch2c@imgur.com,Male,Granada,International Plaza,0
86,Johan,Troup,jtroup2d@who.int,Non-binary,Valencia,Del Sol Crossing,69
87,Trista,Andreazzi,tandreazzi2e@washington.edu,Female,Girona,6th Alley,9239
88,Rasia,Fayter,rfayter2f@gmpg.org,,Castellon De La Plana/Castello De La Pla,Almo Avenue,82055
89,Miles,Spinnace,mspinnace2g@topsy.com,,Albacete,Lerdahl Center,91
90,Leonid,Bettesworth,lbettesworth2h@comcast.net,Male,Granada,Buhler Pass,49
91,Marika,Alloway,malloway2i@comsenz.com,Female,Vitoria-Gasteiz,Lakewood Gardens Road,80
92,Derron,Tankus,dtankus2j@sfgate.com,Male,Vigo,Homewood Court,802
93,Gratia,Dabnor,gdabnor2k@slashdot.org,Female,Leon,Straubel Park,42492
94,Rahel,Kardos,rkardos2l@princeton.edu,Female,Madrid,Mandrake Point,4
95,Riley,Anstiss,ranstiss2m@twitpic.com,Male,Vitoria-Gasteiz,Coleman Point,7
96,Paige,Ivatt,pivatt2n@live.com,Female,,Leroy Circle,6
97,Nisse,Gready,ngready2o@apache.org,Female,Madrid,Schlimgen Parkway,4
98,Bendick,Alsford,balsford2p@t.co,Male,,Schlimgen Place,74290
99,Elsinore,Espinoy,eespinoy2q@msn.com,Agender,Zamora,Roth Terrace,7707
100,Kyle,Brands,kbrands2r@freewebs.com,Female,Santa Cruz De Tenerife,Nevada Place,10794
101,Cordell,Maplethorp,cmaplethorp2s@mtv.com,Male,Vigo,Bay Plaza,2565
102,Annabella,Nolan,anolan2t@mapy.cz,Female,,Schlimgen Plaza,61
103,Joelle,Charlesworth,jcharlesworth2u@livejournal.com,Female,Castellon De La Plana/Castello De La Pla,Mockingbird Court,5313
104,Nicole,Glazyer,nglazyer2v@reference.com,Female,Albacete,Golf View Parkway,0
105,Cicely,Spridgeon,cspridgeon2w@barnesandnoble.com,,Pontevedra,Schlimgen Center,82
106,Janifer,Mannooch,jmannooch2x@about.me,Female,Vigo,Kenwood Hill,51759
107,Claudette,McIlwrick,cmcilwrick2y@wp.com,,Pontevedra,Golf View Plaza,50715
108,Darill,Breitler,dbreitler2z@scribd.com,Male,Cadiz,Alpine Way,73
109,Ferdinande,Kobpa,fkobpa30@shop-pro.jp,Female,Malaga,Nevada Place,5362
110,Agnella,Bilbrook,abilbrook31@google.es,Female,Logroño,Pennsylvania Center,1016
111,Willis,Eisenberg,weisenberg32@blogger.com,Male,Albacete,Gale Terrace,68
112,Cesya,Gages,cgages33@desdev.cn,Female,Pamplona/Iruña,Mockingbird Place,18
113,Ardelia,Pilkinton,apilkinton34@jalbum.net,Female,,Schlimgen Point,0433
114,Ariela,Nell,anell35@simplemachines.org,,"Palmas De Gran Canaria, Las",Northwestern Court,428
115,Carole,Biasetti,cbiasetti36@soup.io,Female,,,
116,Nessi,McCaffrey,nmccaffrey37@mtv.com,,Barcelona,David Alley,402
117,Ric,Urpeth,rurpeth38@npr.org,Male,Granada,Fremont Drive,75
118,Cornelle,Feifer,cfeifer39@wordpress.com,Female,,Dryden Hill,4828
119,Delbert,Hewkin,dhewkin3a@domainmarket.com,Male,Vitoria-Gasteiz,Surrey Alley,2307
120,Karney,Stappard,kstappard3b@twitpic.com,Male,Castellon De La Plana/Castello De La Pla,Westridge Street,8646
121,Wye,Sinncock,wsinncock3c@fc2.com,Male,Santander,Fair Oaks Trail,4679
122,Damaris,Hundall,dhundall3d@hhs.gov,Female,Santiago De Compostela,Moulton Junction,81358
123,Noreen,Mouncher,nmouncher3e@theguardian.com,Female,Zaragoza,Esker Circle,3
124,Jeannine,Fines,jfines3f@europa.eu,Female,Torrevieja,Oak Valley Pass,462
125,Buck,Dallon,bdallon3g@reuters.com,Male,,Michigan Junction,676
126,Pebrook,Gartan,pgartan3h@google.com.hk,Male,Vigo,Farwell Lane,962
127,Tiphanie,Wibberley,twibberley3i@theatlantic.com,Female,Vigo,Thompson Avenue,7
128,Gaven,Jiru,gjiru3j@cornell.edu,Male,Vitoria-Gasteiz,Gina Alley,3
129,Barny,Wiggall,bwiggall3k@cnbc.com,Male,Granada,Dakota Street,92
130,Quinn,Gomes,qgomes3l@abc.net.au,Female,Valladolid,Forest Run Pass,40037
131,Rosalynd,Borne,rborne3m@shinystat.com,Female,Madrid,Buena Vista Junction,82
132,Neely,Maggiore,nmaggiore3n@thetimes.co.uk,Genderfluid,,Sachtjen Crossing,652
133,Lexy,Pauer,lpauer3o@qq.com,Female,Barcelona,Hallows Road,631
134,Miof mela,Pashbee,mpashbee3p@senate.gov,Female,Cadiz,Lindbergh Road,8481
135,Valentine,Soda,vsoda3q@epa.gov,Male,Lugo,Milwaukee Hill,625
136,Herrick,Crose,hcrose3r@wikia.com,Male,,Nelson Parkway,4613
137,Nikaniki,Houson,nhouson3s@sun.com,Female,Malaga,Coolidge Road,24142
138,Mariana,Vigietti,mvigietti3t@craigslist.org,Female,Malaga,Burning Wood Junction,6
139,Linnet,Goldstone,lgoldstone3u@ebay.co.uk,Bigender,Aviles,Mosinee Road,59900
140,Sherm,Bolley,sbolley3v@aol.com,Male,Almeria,Gina Road,374
141,Donavon,Gadesby,dgadesby3w@slate.com,Male,Fuenlabrada,Fairview Parkway,44
142,Hermione,Glossop,hglossop3x@cocolog-nifty.com,Female,Lleida,Amoth Junction,91907
143,Alexandre,Didsbury,adidsbury3y@usgs.gov,Male,"Palmas De Gran Canaria, Las",Dennis Center,0223
144,Charlena,Bartolini,cbartolini3z@mail.ru,Female,Palencia,Weeping Birch Trail,8972
145,Rory,Clover,rclover40@mapquest.com,Genderqueer,Palma De Mallorca,Lukken Alley,199
146,Lauralee,Beranek,lberanek41@hud.gov,Female,,Sunbrook Street,74825
147,Tricia,Davidof,tdavidof42@economist.com,Female,Valencia,1st Parkway,3
148,Carling,Pharo,cpharo43@youku.com,Male,Donostia-San Sebastian,,
149,Ryun,Millard,rmillard44@etsy.com,Male,Pontevedra,Village Trail,3780
150,Whit,Roddam,wroddam45@google.es,Male,Leganes,Dapin Place,9539
151,Etheline,Blasio,eblasio46@wikipedia.org,,Zamora,West Avenue,8
152,Ambrose,Timblett,atimblett47@bbb.org,Male,Gijon,Elka Plaza,0946
153,Flossie,Keymer,fkeymer48@posterous.com,Female,Santander,Oak Valley Terrace,2958
154,Jaymie,Dealtry,jdealtry49@redcross.org,Male,,Moland Place,49
155,Samaria,Bowdidge,sbowdidge4a@miibeian.gov.cn,Female,Cadiz,Loeprich Road,329
156,Aldin,Squibe,asquibe4b@dagondesign.com,Male,Cadiz,Trailsway Center,3859
157,Nancie,Radcliffe,nradcliffe4c@mozilla.org,Female,,,
158,Marcello,Arkill,markill4d@timesonline.co.uk,Male,Lugo,Tony Avenue,93024
159,Kristopher,Kohlerman,kkohlerman4e@dropbox.com,Male,Zamora,Cody Terrace,24789
160,Catrina,Morrel,cmorrel4f@purevolume.com,Female,Leon,Welch Avenue,752
161,Madella,Pilmer,mpilmer4g@eventbrite.com,Female,Toledo,Macpherson Pass,6576
162,Adelind,Wymer,awymer4h@smugmug.com,Female,Palma De Mallorca,Hallows Junction,44995
163,Douglas,Broady,dbroady4i@eventbrite.com,Male,Santa Cruz De Tenerife,Dixon Drive,71448
164,Aggy,Ralls,aralls4j@virginia.edu,Female,Zamora,Corben Street,00153
165,Kaitlyn,Yter,kyter4k@dailymotion.com,Female,Pamplona/Iruña,Myrtle Parkway,512
166,Esma,Mynett,emynett4l@theguardian.com,Female,Pontevedra,Fuller Way,49509
167,Lorelei,Verheijden,lverheijden4m@vimeo.com,Female,Pamplona/Iruña,Prentice Park,09188
168,Storm,Musterd,,Female,Badajoz,,
169,Gaile,Tebbett,gtebbett4o@dedecms.com,Male,Getafe,7th Avenue,090
170,Brigit,Witt,bwitt4p@va.gov,Female,Dos Hermanas,Ohio Point,38
171,Brooke,Guidera,bguidera4q@yellowpages.com,Female,Santiago De Compostela,Pankratz Road,26833
172,Madonna,McClymond,,Female,"Palmas De Gran Canaria, Las",Prairieview Point,70142
173,Shurlocke,Kneale,skneale4s@va.gov,Male,"Palmas De Gran Canaria, Las",Dovetail Plaza,41385
174,Katusha,Feedham,kfeedham4t@bizjournals.com,Female,Palma De Mallorca,Fair Oaks Terrace,00326
175,Thorny,Hadkins,thadkins4u@reverbnation.com,Male,Cartagena,Homewood Pass,33
176,Darrick,Lennox,dlennox4v@ycombinator.com,Male,,,
177,Cosette,Cutford,ccutford4w@prnewswire.com,Female,Ourense,Meadow Valley Hill,45
178,Juliana,Keesman,jkeesman4x@netvibes.com,,Murcia,Mifflin Point,933
179,Dinny,Cranke,dcranke4y@chron.com,Female,Dos Hermanas,Rieder Lane,5119
180,Stafani,Fitzroy,sfitzroy4z@ca.gov,Female,Logroño,Sherman Junction,647
181,Georgine,Wedge,gwedge50@google.nl,Female,Valladolid,Corben Junction,3
182,Elyse,Blaymires,eblaymires51@deviantart.com,Female,Ferrol,Sloan Plaza,86324
183,Humphrey,Fallon,hfallon52@about.me,,Sevilla,Pond Lane,17181
184,Carlin,Burrus,cburrus53@weebly.com,,Cadiz,4th Point,08
185,Ashby,Bulfoot,abulfoot54@sohu.com,Male,Vigo,Anniversary Court,14
186,Dewitt,Palister,dpalister55@addthis.com,Male,Logroño,Myrtle Circle,598
187,Malvina,Harding,mharding56@privacy.gov.au,Female,Cadiz,Ludington Street,421
188,Tove,Aldridge,taldridge57@theguardian.com,Female,Granada,Utah Trail,01361
189,Marius,Asser,masser58@acquirethisname.com,Male,Santiago De Compostela,Emmet Trail,7456
190,Nancey,Fellnee,nfellnee59@cnet.com,Female,,,
191,Roxine,Billham,rbillham5a@tmall.com,Female,Gijon,7th Park,037
192,Nahum,Emer,nemer5b@facebook.com,Male,Malaga,Buhler Trail,04054
193,Devy,Ledgister,dledgister5c@soup.io,Male,Vitoria-Gasteiz,Judy Parkway,7375
194,Keely,Heinzler,kheinzler5d@purevolume.com,,Santiago De Compostela,Hollow Ridge Park,883
195,Aurilia,Thompson,athompson5e@omniture.com,Female,Badajoz,Sullivan Road,7
196,Gunilla,Pridham,gpridham5f@exblog.jp,Female,Vitoria-Gasteiz,Spaight Way,737
197,Herschel,Engeham,hengeham5g@deviantart.com,Male,Palma De Mallorca,Forest Avenue,03
198,Corabelle,Goble,cgoble5h@fotki.com,Female,Santander,,
199,Jenica,Cockland,jcockland5i@deviantart.com,Female,Zamora,Fairview Terrace,69
200,Sim,Lacasa,slacasa5j@theguardian.com,Male,Palma De Mallorca,Eagan Street,44532
201,Skyler,Maciaszczyk,smaciaszczyk5k@stumbleupon.com,Male,,Reinke Terrace,65
202,Mickie,Caw,mcaw5l@alibaba.com,Female,Pontevedra,Butterfield Road,34
203,Stacee,Scothorne,sscothorne5m@studiopress.com,Male,Toledo,Sachtjen Plaza,2
204,Prentiss,Dreghorn,pdreghorn5n@wunderground.com,Male,"Palmas De Gran Canaria, Las",Loomis Road,58853
205,Cassie,Kinnaird,ckinnaird5o@earthlink.net,Female,,Nevada Lane,0
206,Lenci,Gagan,lgagan5p@marketwatch.com,Male,Madrid,6th Drive,622
207,Nicholas,Keyson,nkeyson5q@samsung.com,Agender,Vitoria-Gasteiz,Corry Drive,2001
208,Kathe,Tuxsell,ktuxsell5r@blogtalkradio.com,Female,Malaga,Nova Alley,09
209,Shayna,Jodkowski,sjodkowski5s@printfriendly.com,,Palma De Mallorca,Canary Park,67
210,Harlene,Capin,hcapin5t@cyberchimps.com,Female,Cartagena,Springs Crossing,7722
211,Bette,Fozard,bfozard5u@cargocollective.com,Female,Valencia,,
212,Darsey,Scargle,,Female,"Coruña, A",Roxbury Court,04988
213,Billye,Mewton,bmewton5w@abc.net.au,Female,,Colorado Terrace,2
214,Hallsy,Deeney,,Male,Barcelona,Crescent Oaks Trail,8684
215,Magdaia,Huyhton,mhuyhton5y@google.es,,Vitoria-Gasteiz,Westerfield Crossing,23
216,Alva,Gauchier,,Male,Badajoz,Cherokee Center,7
217,Francoise,Godspeede,fgodspeede60@oakley.com,Female,Donostia-San Sebastian,Hollow Ridge Court,2709
218,Margareta,Gilchrest,mgilchrest61@altervista.org,Female,Teruel,Monument Circle,21863
219,Kellie,Jovis,kjovis62@rakuten.co.jp,Female,Jaen,Lerdahl Avenue,414
220,Trip,Comizzoli,tcomizzoli63@thetimes.co.uk,Male,Santiago De Compostela,Fordem Avenue,79601
221,Geri,Shyre,gshyre64@fotki.com,Male,Getafe,Blackbird Hill,5
222,Merilyn,Rulten,mrulten65@macromedia.com,Female,Salamanca,Mariners Cove Hill,02632
223,Rhoda,Skatcher,rskatcher66@shop-pro.jp,Female,Fuenlabrada,Monument Trail,04188
224,Giordano,Poad,gpoad67@upenn.edu,Male,,Blackbird Street,212
225,Liesa,La Rosa,llarosa68@wikispaces.com,Female,,Roth Terrace,62835
226,Zsa zsa,Tayspell,ztayspell69@harvard.edu,Female,Gijon,Hansons Parkway,5
227,Rodrique,Bosket,rbosket6a@yahoo.com,Male,Donostia-San Sebastian,Homewood Pass,742
228,Merilyn,Bawden,mbawden6b@ft.com,Female,Sevilla,Steensland Parkway,999
229,Dennet,Nisby,dnisby6c@answers.com,Male,Valencia,Graceland Court,597
230,Elihu,Jeeks,ejeeks6d@fda.gov,Male,Elx/Elche,Golf View Point,74
231,Auberon,Pebworth,apebworth6e@salon.com,Male,Lleida,Bluestem Terrace,8934
232,Ethelred,Aireton,,Male,,Starling Way,6166
233,Glynn,McAuley,gmcauley6g@unesco.org,Male,Sevilla,Linden Drive,6436
234,Anni,Handrock,ahandrock6h@vk.com,Female,Sevilla,Maple Road,10
235,Foster,Hinzer,fhinzer6i@census.gov,Male,Valencia,Claremont Lane,15310
236,Riley,Ginni,rginni6j@com.com,Male,Madrid,Sunnyside Crossing,19
237,Jonathan,Fennelow,jfennelow6k@hatena.ne.jp,Male,Madrid,Northwestern Court,039
238,Pancho,Vasyaev,pvasyaev6l@phoca.cz,Male,Murcia,Eastwood Junction,9
239,Hunt,Done,hdone6m@freewebs.com,Polygender,Zamora,Judy Circle,00034
240,Fee,Witcher,fwitcher6n@aboutads.info,Male,Santander,Emmet Plaza,344
241,Alexandro,Cason,acason6o@uiuc.edu,Male,Vigo,Arkansas Avenue,655
242,Nikki,Pendergast,npendergast6p@sbwire.com,Male,Madrid,Crest Line Place,3833
243,Laurie,Harlowe,lharlowe6q@csmonitor.com,,Ceuta,,
244,Mohammed,Stotherfield,mstotherfield6r@china.com.cn,Male,Palma De Mallorca,Maywood Pass,60
245,Olympe,Uwins,ouwins6s@instagram.com,Female,,Prairie Rose Place,75215
246,Steward,Wondraschek,swondraschek6t@fda.gov,Male,,Onsgard Hill,6
247,Rolf,Faithfull,rfaithfull6u@ebay.co.uk,Male,Toledo,Continental Lane,4766
248,Nettie,Eilers,neilers6v@pagesperso-orange.fr,,Vitoria-Gasteiz,Hallows Point,10660
249,Aloise,McKillop,amckillop6w@sfgate.com,Genderqueer,Albacete,Fieldstone Road,47138
250,Goddart,Manie,gmanie6x@creativecommons.org,Male,,Eagan Terrace,18545
251,Brand,Haydney,bhaydney6y@usda.gov,Male,Lleida,,
252,Mitchel,Sutch,msutch6z@t.co,Male,,Monica Terrace,47
253,Haze,Betteridge,hbetteridge70@webnode.com,Male,Cadiz,Lake View Hill,5
254,Sterling,Armstead,sarmstead71@unesco.org,Male,Aviles,,
255,Rees,Espadero,respadero72@wikipedia.org,Male,,Hollow Ridge Pass,59
256,Janeva,Puckring,jpuckring73@pinterest.com,Female,,Shopko Hill,7243
257,Erick,Copsey,ecopsey74@flickr.com,Male,Toledo,Bartillon Pass,7
258,Zonnya,Pattie,zpattie75@pcworld.com,Female,Pamplona/Iruña,Debs Place,6687
259,Benn,Mathiot,bmathiot76@wordpress.com,Male,Valencia,Merchant Alley,115
260,Mahmoud,Graysmark,mgraysmark77@state.gov,Male,Sevilla,Spohn Hill,6
261,Shannon,Duce,sduce78@oakley.com,Male,Barcelona,Mariners Cove Hill,67949
262,Munroe,Jeays,mjeays79@goo.gl,Male,Vitoria-Gasteiz,Summer Ridge Court,9
263,Della,Elven,delven7a@sbwire.com,Polygender,Granada,Morning Circle,177
264,Rowe,Silburn,rsilburn7b@hubpages.com,,Granada,High Crossing Circle,40052
265,Ripley,Lampet,rlampet7c@ucoz.com,Male,Pamplona/Iruña,Derek Center,42567
266,Laurie,Rubanenko,lrubanenko7d@blogspot.com,Genderfluid,Sevilla,2nd Terrace,4258
267,Rochester,Coulthard,rcoulthard7e@moonfruit.com,Male,Almeria,Holmberg Hill,49
268,Yardley,Back,yback7f@discovery.com,Male,Barcelona,Toban Center,7
269,Renae,Borborough,rborborough7g@mashable.com,Female,Madrid,Forest Dale Terrace,699
270,Sigfrid,Straine,sstraine7h@exblog.jp,Male,Lleida,Clemons Trail,5
271,Candis,Jelly,cjelly7i@uol.com.br,Female,,Scofield Park,3437
272,Conroy,Ansett,cansett7j@bloglovin.com,Male,Logroño,Morrow Crossing,182
273,Hunter,Godfray,hgodfray7k@statcounter.com,Male,Palma De Mallorca,Canary Circle,067
274,Bartholomeo,Crumb,bcrumb7l@mit.edu,Male,Badajoz,International Way,797
275,Ozzy,Woodrooffe,owoodrooffe7m@arizona.edu,Male,,Hintze Place,24475
276,Tova,Wittey,twittey7n@timesonline.co.uk,Female,"Palmas De Gran Canaria, Las",Sachtjen Park,87102
277,Eba,Espinha,eespinha7o@discuz.net,Female,Barcelona,Vahlen Trail,00324
278,Julio,Trenear,jtrenear7p@irs.gov,Male,Malaga,Oak Point,97775
279,Shelagh,Swyndley,sswyndley7q@wikia.com,Female,Logroño,Meadow Valley Place,512
280,Gerek,Manchett,gmanchett7r@exblog.jp,Male,Pamplona/Iruña,Coolidge Circle,2970
281,Laurens,Smeed,lsmeed7s@cyberchimps.com,Male,,Gulseth Crossing,89920
282,Cherice,Rawstorne,crawstorne7t@technorati.com,Bigender,Vitoria-Gasteiz,Cherokee Circle,05
283,Cello,Grossman,cgrossman7u@vkontakte.ru,Male,Madrid,Forest Parkway,3
284,Dona,Jakeman,djakeman7v@myspace.com,Female,Santa Cruz De Tenerife,Trailsway Center,1181
285,Germain,Yosselevitch,gyosselevitch7w@squidoo.com,Male,Pontevedra,Hansons Pass,4502
286,Ambrosi,Dikelin,adikelin7x@reddit.com,Male,,Maple Wood Pass,09
287,Nicolea,Kimblen,nkimblen7y@home.pl,Female,Toledo,Declaration Street,2
288,Barbee,Benstead,bbenstead7z@xrea.com,Female,Teruel,Rieder Trail,9
289,Adrian,Matthesius,amatthesius80@weibo.com,Male,Sant Cugat Del Valles,Fisk Terrace,020
290,Esta,Winscum,ewinscum81@sohu.com,Female,Logroño,Scofield Hill,899
291,Mella,Durnford,mdurnford82@mail.ru,Genderqueer,Vigo,Beilfuss Court,84
292,Heidi,Sapseed,hsapseed83@blogtalkradio.com,Female,,Roxbury Lane,496
293,Alana,Piotrowski,apiotrowski84@multiply.com,Female,Madrid,Warbler Parkway,5909
294,Jolie,Masseo,jmasseo85@elegantthemes.com,Female,Pamplona/Iruña,Trailsway Junction,38661
295,Cara,McSorley,cmcsorley86@jigsy.com,Female,Lleida,Johnson Lane,3458
296,Lindsay,Gosling,lgosling87@twitpic.com,Female,Salamanca,Main Circle,8783
297,Ari,O'Spillane,aospillane88@miitbeian.gov.cn,Male,Getafe,Cascade Terrace,6571
298,Patrick,Brockest,pbrockest89@weibo.com,Male,Granada,Pawling Trail,146
299,Joseph,Gordon,jgordon8a@salon.com,Male,Ferrol,Jana Parkway,6756
300,Guillemette,Nafziger,gnafziger8b@sciencedirect.com,Female,Cartagena,Ridgeway Trail,66357
301,Marielle,Claworth,mclaworth8c@boston.com,Female,Leon,Meadow Ridge Street,8
302,Berrie,Rubury,brubury8d@constantcontact.com,Polygender,Leganes,,
303,Desi,Cheake,dcheake8e@ed.gov,Male,Vigo,Eastlawn Hill,52314
304,Burnaby,Talby,btalby8f@google.fr,,Malaga,Dixon Trail,4
305,Koressa,Goley,kgoley8g@wunderground.com,Agender,"Palmas De Gran Canaria, Las",Maywood Lane,84
306,Berthe,Gowar,bgowar8h@woothemes.com,Female,Leganes,Lunder Circle,73
307,Merl,Burren,mburren8i@posterous.com,Female,Tarragona,Waxwing Junction,4563
308,Huberto,Bronot,hbronot8j@latimes.com,Male,Albacete,Express Court,5780
309,Kylila,Scrymgeour,kscrymgeour8k@dailymail.co.uk,Female,,Holy Cross Plaza,91
310,Waldemar,Newarte,wnewarte8l@blogs.com,Male,Madrid,Nancy Junction,0392
311,Worth,Dingivan,wdingivan8m@imageshack.us,Male,Cadiz,Arapahoe Alley,018
312,Micheline,Spitaro,mspitaro8n@mediafire.com,Female,Castellon De La Plana/Castello De La Pla,Roxbury Drive,88
313,Nariko,Jon,njon8o@earthlink.net,Female,,4th Lane,06560
314,Giorgio,Sesons,gsesons8p@dot.gov,Male,,Mosinee Junction,489
315,Urson,Veall,uveall8q@nbcnews.com,Polygender,Palma De Mallorca,Lakeland Trail,92780
316,Ellis,Haggerston,ehaggerston8r@cisco.com,Male,Sevilla,Duke Terrace,6346
317,Glynda,Jessen,gjessen8s@xrea.com,Female,Granada,Victoria Point,0
318,Ophelia,Finders,ofinders8t@w3.org,Agender,Donostia-San Sebastian,1st Center,66724
319,Coral,Corsor,ccorsor8u@scientificamerican.com,Female,Huesca,Lunder Parkway,293
320,Gigi,Haxby,ghaxby8v@cbslocal.com,Female,Zamora,Monterey Junction,20
321,Tynan,Oty,toty8w@nymag.com,Male,Albacete,Reindahl Terrace,02
322,Kurtis,Estick,kestick8x@trellian.com,Male,Valladolid,Autumn Leaf Trail,29
323,Welby,O Sullivan,wosullivan8y@gmpg.org,Male,Madrid,Merry Court,3310
324,Louella,Belasco,lbelasco8z@w3.org,Female,"Palmas De Gran Canaria, Las",Debs Road,0856
325,Lalo,Logie,llogie90@msu.edu,Male,Murcia,Lotheville Center,5
326,Marybelle,Simanenko,msimanenko91@sbwire.com,Female,Malaga,Heath Hill,32891
327,Collen,Meron,cmeron92@quantcast.com,Female,"Palmas De Gran Canaria, Las",Mayfield Junction,20
328,Jose,Garrad,jgarrad93@discovery.com,Male,Granada,Arkansas Avenue,18230
329,Nola,Pigden,npigden94@examiner.com,Genderqueer,Valladolid,North Junction,3
330,Korie,Stark,kstark95@constantcontact.com,Female,Almeria,Dexter Plaza,9055
331,Mannie,Tilsley,mtilsley96@wired.com,Male,,Main Circle,3
332,Matthus,Fetherston,mfetherston97@yandex.ru,Polygender,Fuenlabrada,Morrow Parkway,28558
333,Kean,Jelf,kjelf98@google.co.jp,Male,Alicante/Alacant,Dawn Center,0683
334,Sandy,McLukie,smclukie99@sourceforge.net,Male,Logroño,Park Meadow Lane,439
335,Joela,Whitley,jwhitley9a@ca.gov,Female,Granada,Kedzie Court,7440
336,Marinna,Daen,mdaen9b@barnesandnoble.com,Female,Cartagena,Bayside Street,83
337,Julian,Greengrass,jgreengrass9c@dailymotion.com,Non-binary,Ferrol,Ilene Hill,679
338,Abdel,Andren,aandren9d@bandcamp.com,Male,Madrid,Waubesa Pass,8351
339,Karlotte,Dudenie,kdudenie9e@ameblo.jp,Female,,Moose Pass,1024
340,Ricki,Ranby,rranby9f@pen.io,Female,Valencia,Oneill Crossing,271
341,Janine,Sturgeon,jsturgeon9g@geocities.jp,Female,Badajoz,Brentwood Junction,78480
342,Arnold,Burrass,aburrass9h@illinois.edu,Male,Zaragoza,Karstens Junction,7
343,Gage,Towndrow,gtowndrow9i@dell.com,Male,Madrid,Melrose Circle,5
344,Sumner,Ephgrave,sephgrave9j@shareasale.com,Male,Palma De Mallorca,Dottie Way,977
345,Heath,Tomasino,htomasino9k@telegraph.co.uk,Genderqueer,Leon,Northwestern Plaza,4
346,Avrit,Franzonello,afranzonello9l@time.com,Female,Vitoria-Gasteiz,Clove Terrace,37
347,Egbert,Leborgne,eleborgne9m@reuters.com,Male,Sevilla,Quincy Way,7
348,Maure,Dunmore,mdunmore9n@de.vu,Female,Lleida,Vera Pass,06
349,Nate,Haynesford,nhaynesford9o@msu.edu,Male,Vitoria-Gasteiz,Dunning Way,183
350,Daniela,Dilliston,ddilliston9p@dyndns.org,Polygender,"Palmas De Gran Canaria, Las",Golf Course Circle,920
351,Drucy,Hanscom,dhanscom9q@webnode.com,Female,Murcia,Spenser Crossing,50853
352,Gussi,Winterbourne,gwinterbourne9r@cocolog-nifty.com,Female,Lugo,Hansons Court,6
353,Kynthia,Vasyushkhin,kvasyushkhin9s@csmonitor.com,Female,Pontevedra,Bayside Terrace,1668
354,Dynah,Pawlik,dpawlik9t@mapy.cz,Female,Badajoz,Sullivan Trail,9820
355,Chico,Saile,csaile9u@shinystat.com,Male,Leon,1st Way,0
356,Marisa,Chrystie,mchrystie9v@furl.net,Female,Palencia,Utah Crossing,0955
357,Eileen,Karet,ekaret9w@joomla.org,Female,Zamora,Crownhardt Park,88062
358,Jeannie,Duguid,jduguid9x@wp.com,Female,Pamplona/Iruña,Lukken Drive,4381
359,Sonja,Hacquoil,shacquoil9y@state.gov,Female,"Coruña, A",Riverside Place,856
360,Harriot,Hasted,hhasted9z@patch.com,Female,Malaga,Johnson Terrace,51675
361,Fairlie,Puttrell,fputtrella0@phpbb.com,Male,Lleida,Scofield Way,5908
362,Farlay,Hebson,fhebsona1@oakley.com,Male,Granada,Westend Circle,4
363,Andy,Seeviour,aseevioura2@nhs.uk,Female,Valladolid,Hanover Parkway,26024
364,Collin,Harvatt,charvatta3@comsenz.com,Genderfluid,Cadiz,Crowley Terrace,90
365,Orland,Laetham,olaethama4@flavors.me,Male,Salamanca,Hoard Junction,12
366,Giacinta,Sybbe,gsybbea5@springer.com,Female,Madrid,Longview Park,35
367,Kerri,Pane,kpanea6@tripod.com,Female,Madrid,Dayton Way,578
368,Kathy,McBrearty,kmcbreartya7@google.com.au,Female,Vitoria-Gasteiz,Butternut Hill,4119
369,Quintina,Danilevich,qdanilevicha8@kickstarter.com,Agender,Castellon De La Plana/Castello De La Pla,Buhler Court,192
370,Yardley,Moisey,ymoiseya9@bravesites.com,Male,,Vidon Hill,36207
371,Ludvig,Sexton,lsextonaa@discovery.com,Male,Lleida,Debra Parkway,5
372,Jonas,Overell,joverellab@uol.com.br,Male,Salamanca,Reinke Street,4
373,Madel,Aspital,maspitalac@dyndns.org,Genderqueer,Pontevedra,Arkansas Terrace,39297
374,Dominica,Aslum,daslumad@ezinearticles.com,Female,Albacete,Armistice Lane,3
375,Elisha,Pinwill,epinwillae@devhub.com,Female,"Palmas De Gran Canaria, Las",,
376,Stacy,Millward,smillwardaf@auda.org.au,Polygender,Santiago De Compostela,Mallory Drive,8
377,Janith,Brunt,jbruntag@marriott.com,Female,Valladolid,Huxley Park,5482
378,Toiboid,Ivanyutin,tivanyutinah@amazon.co.uk,Male,,Petterle Avenue,6
379,Dasya,Pires,dpiresai@arstechnica.com,Female,Madrid,Fremont Junction,180
380,Otto,Skerratt,oskerrattaj@reverbnation.com,Polygender,Sevilla,Spohn Circle,1315
381,Shelli,Cellier,scellierak@unblog.fr,Female,Pamplona/Iruña,,
382,Minni,Hayes,mhayesal@naver.com,Female,Pontevedra,Lunder Circle,19107
383,Sanford,Featherstonhalgh,sfeatherstonhalgham@google.fr,Male,Cartagena,Mandrake Road,9
384,Peri,Torns,ptornsan@mozilla.com,Female,Granada,Green Ridge Junction,63
385,Rick,Macci,rmacciao@wufoo.com,Male,Badajoz,Crescent Oaks Point,2
386,King,Cromar,kcromarap@zdnet.com,Male,Teruel,Leroy Center,400
387,Dierdre,Moylane,dmoylaneaq@cpanel.net,Female,Granada,Mosinee Avenue,000
388,Murial,Pasterfield,mpasterfieldar@yahoo.co.jp,Genderqueer,Vitoria-Gasteiz,Bultman Street,66453
389,Thebault,Lacroux,tlacrouxas@miitbeian.gov.cn,Male,Almeria,Rigney Circle,38
390,Jordain,Kolodziej,jkolodziejat@amazon.co.uk,Female,Granada,Hoffman Road,9
391,Sean,Roo,srooau@ft.com,Female,Pamplona/Iruña,Gale Park,6
392,Dalt,Cullon,dcullonav@google.ca,Male,,Talisman Way,42970
393,Dniren,Gainsboro,dgainsboroaw@furl.net,Female,Cadiz,Arrowood Court,66
394,Kelsy,Tansill,ktansillax@tinypic.com,Genderfluid,Zamora,Mccormick Point,44
395,Mollee,Lettice,mletticeay@vk.com,,,Meadow Valley Avenue,6
396,Hilliard,Bentham,hbenthamaz@sakura.ne.jp,Male,Cartagena,Ramsey Trail,85248
397,Levin,Hutcheons,lhutcheonsb0@wordpress.org,Male,Toledo,Melvin Avenue,2465
398,Pauly,Shoubridge,pshoubridgeb1@mail.ru,Female,"Coruña, A",Monument Trail,85800
399,Baird,Vallantine,bvallantineb2@cnbc.com,,Leganes,Laurel Pass,7
400,Melisandra,Harvard,mharvardb3@elpais.com,Female,Granada,Jana Avenue,09
401,Rancell,Capron,rcapronb4@qq.com,Male,,Hayes Way,64966
402,Ailene,Mantione,amantioneb5@ezinearticles.com,Female,Murcia,Logan Alley,8
403,Meghan,Youde,myoudeb6@freewebs.com,Female,Vitoria-Gasteiz,Linden Circle,452
404,Dionysus,Hambidge,dhambidgeb7@surveymonkey.com,Male,Logroño,Victoria Parkway,1
405,Gizela,Janu,gjanub8@mac.com,Female,Valladolid,Mallory Court,82899
406,Valerye,Dmitrienko,vdmitrienkob9@cnn.com,Female,Santiago De Compostela,Anderson Lane,7578
407,Hi,Sikora,hsikoraba@dion.ne.jp,Male,Donostia-San Sebastian,Ryan Pass,3
408,Brittne,Weich,,Genderfluid,Pontevedra,Mayer Lane,763
409,Dagny,Piddletown,dpiddletownbc@cloudflare.com,Male,Cadiz,Thackeray Road,769
410,Crissy,Strodder,cstrodderbd@storify.com,Female,Jaen,Cordelia Place,002
411,Emlynn,Snoding,esnodingbe@yellowpages.com,Female,Tarragona,Corben Pass,29351
412,Ebony,Swanger,eswangerbf@nature.com,Female,Almeria,Express Parkway,0553
413,Tannie,Banasiak,tbanasiakbg@wp.com,Male,Donostia-San Sebastian,Colorado Pass,44243
414,Natalina,Broxup,nbroxupbh@sphinn.com,Female,Donostia-San Sebastian,Oriole Junction,8073
415,Mortie,Kidston,mkidstonbi@paypal.com,Male,Zaragoza,Ryan Court,7653
416,Cornela,Lanyon,clanyonbj@privacy.gov.au,Female,Granada,Ryan Street,53732
417,Karee,Skae,kskaebk@myspace.com,Female,Getafe,Maryland Point,244
418,Urban,Mapstone,,Male,,Sullivan Circle,1
419,Hunt,Dench,hdenchbm@jugem.jp,Male,Zamora,Menomonie Court,82
420,Paco,Feek,pfeekbn@reuters.com,Male,Palma De Mallorca,Corry Drive,546
421,Elie,Pierpoint,epierpointbo@umich.edu,Female,Sabadell,Jana Drive,15568
422,Dwight,Rottenbury,drottenburybp@umich.edu,Male,,Stephen Avenue,5
423,Melvin,Holsey,mholseybq@ebay.com,Male,Vitoria-Gasteiz,Sage Park,69
424,Gibbie,Steen,gsteenbr@wikipedia.org,Male,Malaga,Vahlen Center,9793
425,Gustie,Leele,gleelebs@howstuffworks.com,Female,"Palmas De Gran Canaria, Las",Corben Crossing,66
426,Maison,Hogbourne,mhogbournebt@mit.edu,Male,Palma De Mallorca,Lighthouse Bay Street,033
427,Raffarty,Dark,rdarkbu@uiuc.edu,Male,Albacete,Bunker Hill Road,07
428,Reeba,Hayen,rhayenbv@earthlink.net,,Albacete,Spenser Terrace,26
429,Emelyne,Jeckells,ejeckellsbw@jiathis.com,,Castellon De La Plana/Castello De La Pla,Grasskamp Drive,251
430,Kamilah,Nason,knasonbx@diigo.com,,Cadiz,Michigan Lane,9408
431,Rockey,McKim,rmckimby@usgs.gov,Male,Badajoz,Hovde Terrace,0784
432,Minor,Hryskiewicz,mhryskiewiczbz@businessweek.com,Male,Dos Hermanas,Declaration Way,3
433,Oren,Winkett,owinkettc0@indiegogo.com,Male,Palma De Mallorca,Dunning Terrace,9803
434,Tracy,Overall,toverallc1@answers.com,Female,Ceuta,Porter Trail,1
435,Kirsteni,Zamudio,kzamudioc2@opera.com,Female,Tarragona,Hanover Road,23
436,Jessalyn,Richardot,jrichardotc3@msn.com,Female,Albacete,Westport Place,37914
437,Vallie,Nazair,vnazairc4@weebly.com,Female,,Killdeer Center,4716
438,Westley,Limpenny,wlimpennyc5@trellian.com,Male,Madrid,Bunker Hill Plaza,945
439,Tanya,Brachell,tbrachellc6@youtube.com,Female,Santa Cruz De Tenerife,Lotheville Court,9
440,Kalila,Goldspink,,Female,Sevilla,Loomis Avenue,973
441,Lucias,Asche,laschec8@irs.gov,Male,"Palmas De Gran Canaria, Las",Autumn Leaf Place,62
442,Lona,Bohlmann,lbohlmannc9@moonfruit.com,Female,Granada,Basil Center,142
443,Celesta,Durling,cdurlingca@java.com,Female,,Autumn Leaf Parkway,685
444,Benedicto,Mochar,bmocharcb@eepurl.com,Male,Vigo,Declaration Drive,317
445,Shelagh,Withnall,swithnallcc@posterous.com,Female,Madrid,Toban Plaza,7075
446,Gerri,Widdowfield,,Male,Lleida,Granby Drive,61207
447,Winny,Stagg,wstaggce@hc360.com,,Murcia,Monterey Avenue,9274
448,Isobel,Baty,ibatycf@mozilla.com,Female,Logroño,Barnett Court,0
449,Zita,Aleveque,zalevequecg@friendfeed.com,Female,Donostia-San Sebastian,Dunning Pass,284
450,Reilly,Elen,relench@about.com,Male,Madrid,Pepper Wood Alley,6
451,Robinet,Ewington,rewingtonci@quantcast.com,Male,Lleida,Stone Corner Pass,997
452,Elisha,Vose,evosecj@bravesites.com,Female,,Reinke Pass,05
453,Juditha,Kidney,jkidneyck@sourceforge.net,Female,Palencia,Saint Paul Avenue,724
454,Joelly,Ivanishev,jivanishevcl@yahoo.co.jp,,Madrid,Melody Junction,94
455,Mateo,Davidovits,,Male,Santiago De Compostela,Miller Court,17906
456,Sissy,Armatidge,sarmatidgecn@studiopress.com,,Jaen,Del Sol Way,85877
457,Betsey,Hammant,bhammantco@qq.com,Female,Vitoria-Gasteiz,Esker Street,732
458,Elvera,Bottrell,ebottrellcp@goodreads.com,Female,Badajoz,Sommers Terrace,90
459,Berri,Withinshaw,bwithinshawcq@unicef.org,Female,Pamplona/Iruña,Bashford Road,222
460,Juliette,Mariet,jmarietcr@mediafire.com,Female,Telde,Mockingbird Pass,415
461,Willetta,Fearnall,wfearnallcs@i2i.jp,Female,Palma De Mallorca,Fremont Court,3240
462,Bax,Blofeld,bblofeldct@mashable.com,Male,,Miller Way,645
463,Curtice,Leyfield,cleyfieldcu@zimbio.com,Male,,Arizona Plaza,200
464,Talbot,Croizier,tcroiziercv@msu.edu,Male,Cartagena,Lake View Park,84
465,Gerrie,MacGauhy,gmacgauhycw@storify.com,Genderqueer,Valencia,Tennyson Parkway,4
466,Ruddy,Kamenar,rkamenarcx@twitpic.com,Male,Badajoz,Manufacturers Court,786
467,Camala,Pays,cpayscy@friendfeed.com,Female,Pamplona/Iruña,Sundown Alley,4013
468,Wilbur,Lies,wliescz@yellowbook.com,Male,,Schurz Alley,25
469,Sauveur,Jaan,sjaand0@sohu.com,Bigender,,Sugar Avenue,629
470,Vitoria,Taplow,vtaplowd1@redcross.org,Female,"Hospitalet De Llobregat, L'",Melrose Plaza,8572
471,Bonnibelle,Artus,bartusd2@histats.com,Female,Castellon De La Plana/Castello De La Pla,Donald Way,3406
472,Sile,Olyfant,solyfantd3@virginia.edu,Female,"Palmas De Gran Canaria, Las",Cordelia Alley,115
473,Tedd,Wallhead,twallheadd4@biglobe.ne.jp,Male,Zaragoza,Westridge Avenue,89
474,Creigh,Clive,cclived5@deliciousdays.com,Male,Donostia-San Sebastian,Darwin Trail,27981
475,Korie,Mobbs,kmobbsd6@lulu.com,Female,Madrid,Fuller Court,81335
476,Frasco,Saldler,fsaldlerd7@thetimes.co.uk,Male,Malaga,4th Circle,0
477,Querida,Durram,qdurramd8@nymag.com,Female,Valencia,Calypso Place,79981
478,Luce,Flynn,lflynnd9@imdb.com,Male,Aviles,Russell Center,1745
479,Lana,Kirkbright,,Female,Pontevedra,Lawn Court,3
480,Kendal,Nuschke,knuschkedb@people.com.cn,Male,Ceuta,Hallows Lane,453
481,Marty,Rebanks,mrebanksdc@sitemeter.com,Male,Vitoria-Gasteiz,Northview Drive,65
482,Alonso,Bigly,abiglydd@webeden.co.uk,Male,Malaga,Haas Crossing,34252
483,Clemente,Ruthen,cruthende@seattletimes.com,Male,Granada,Crescent Oaks Point,9
484,Traci,Keets,tkeetsdf@zdnet.com,Female,Pamplona/Iruña,Dovetail Street,223
485,Cristal,Cello,ccellodg@w3.org,Female,Palma De Mallorca,8th Circle,55
486,Daffy,Dodds,ddoddsdh@globo.com,Female,Leganes,Westend Street,79
487,Lane,Laurenz,llaurenzdi@disqus.com,Female,Madrid,Vahlen Avenue,80
488,Purcell,Pashen,ppashendj@altervista.org,Male,Murcia,Laurel Point,25538
489,Ransom,O'Dempsey,rodempseydk@freewebs.com,Male,Murcia,Saint Paul Pass,129
490,Herbie,Verney,hverneydl@nationalgeographic.com,Male,Gijon,Sachtjen Alley,3
491,Hertha,Micheli,hmichelidm@yellowpages.com,,,Spohn Road,07183
492,Adler,Closs,aclossdn@sun.com,Male,Madrid,Stephen Drive,64
493,Farrel,Durtnel,fdurtneldo@vistaprint.com,Male,Teruel,Tony Park,2561
494,Wilmette,Bummfrey,wbummfreydp@miitbeian.gov.cn,Female,Palma De Mallorca,Hazelcrest Circle,456
495,Humfrid,Dybald,hdybalddq@clickbank.net,Male,Pontevedra,Eliot Circle,4
496,Pinchas,Rains,prainsdr@moonfruit.com,Male,Lleida,1st Trail,396
497,Gabe,Lensch,glenschds@mediafire.com,Male,Cartagena,Cardinal Lane,0613
498,Padgett,Painter,ppainterdt@scientificamerican.com,Male,Barcelona,Artisan Lane,5
499,Craggy,Segar,csegardu@goo.gl,Male,Ourense,Gateway Road,69066
500,Kelby,Camelia,kcameliadv@wunderground.com,Male,Santiago De Compostela,Arrowood Junction,6217
501,Gavan,McRannell,gmcrannelldw@time.com,Bigender,"Coruña, A",Moose Plaza,51654
502,Oriana,Iacomini,oiacominidx@yahoo.co.jp,,Pamplona/Iruña,Armistice Drive,45922
503,Kayley,Tille,ktilledy@senate.gov,Female,Ferrol,Armistice Plaza,356
504,Desirae,Faircliff,dfaircliffdz@zimbio.com,Female,Valladolid,,
505,Johann,Cousans,jcousanse0@ucoz.com,Male,Palma De Mallorca,Paget Drive,835
506,Gardie,Meins,gmeinse1@hostgator.com,Male,Huesca,Blackbird Point,01
507,Else,Okie,eokiee2@harvard.edu,Female,Leon,Loomis Alley,53316
508,Ninette,Guest,ngueste3@slideshare.net,Female,Jaen,Bartillon Center,44997
509,Baxie,Colerick,bcolericke4@si.edu,Male,Vigo,Sauthoff Circle,171
510,Marylin,Faichney,mfaichneye5@w3.org,Female,Sevilla,Carpenter Alley,0
511,Link,O'Corren,locorrene6@va.gov,Male,Albacete,Kedzie Lane,170
512,Myrilla,Vale,mvalee7@uiuc.edu,Female,Leon,Elmside Plaza,49394
513,Gisella,Woollam,gwoollame8@ucoz.com,Polygender,"Coruña, A",Memorial Avenue,735
514,Gussy,Kynaston,gkynastone9@marriott.com,Female,Granada,Truax Lane,340
515,Mignonne,Ternott,mternottea@state.tx.us,Female,Vitoria-Gasteiz,Waxwing Park,80
516,Mattie,Dinzey,mdinzeyeb@mysql.com,Male,Santander,Shoshone Drive,2916
517,Jeana,Dowse,jdowseec@com.com,Female,Granada,Johnson Drive,640
518,Joanna,Workman,jworkmaned@fotki.com,Female,Cadiz,Blue Bill Park Alley,6
519,Adena,Headford,aheadfordee@usa.gov,Female,Alicante/Alacant,Johnson Parkway,0797
520,Manuel,Tatlock,mtatlockef@vistaprint.com,Male,Palma De Mallorca,Loomis Alley,184
521,Hilarius,St Ledger,hstledgereg@youku.com,Male,Albacete,Pennsylvania Alley,6
522,Claude,Raigatt,craigatteh@slideshare.net,Female,Madrid,Badeau Avenue,73128
523,Quintin,MacGillespie,qmacgillespieei@slashdot.org,Male,,Melrose Alley,77
524,Murdoch,Stonehouse,mstonehouseej@walmart.com,Male,,Debs Street,6878
525,Starla,Keuning,skeuningek@princeton.edu,Female,Salamanca,Maple Point,71
526,Mayor,Tock,mtockel@nydailynews.com,Male,Granada,Logan Pass,6920
527,Janeta,Versey,jverseyem@macromedia.com,Female,Getafe,Hoepker Point,55551
528,Bentlee,Baise,bbaiseen@google.nl,Male,Pamplona/Iruña,Corben Park,097
529,Alethea,Szimoni,aszimonieo@exblog.jp,,Santander,Golf Course Place,202
530,Brear,Castaner,bcastanerep@e-recht24.de,Female,Sevilla,Dwight Trail,106
531,Alene,Boobier,aboobiereq@mapquest.com,Female,Santander,Starling Center,77382
532,Stephani,Uppett,suppetter@indiatimes.com,Genderfluid,Palencia,International Trail,61
533,Colline,Choppin,cchoppines@yahoo.co.jp,Female,Sevilla,Mallard Lane,91
534,Lovell,Rishman,lrishmanet@trellian.com,Polygender,,Mcbride Crossing,0
535,Sergent,Sympson,ssympsoneu@phoca.cz,,Madrid,Alpine Lane,96344
536,Franz,McBrearty,fmcbreartyev@furl.net,Male,Palma De Mallorca,Straubel Drive,4
537,Craig,Sheepy,csheepyew@goo.ne.jp,Male,Ourense,Center Hill,0259
538,Fanni,Harmond,fharmondex@marriott.com,Female,Palma De Mallorca,Hoepker Lane,37
539,Margalo,Steketee,,Female,Zamora,Warbler Street,7
540,Angelia,Beckingham,abeckinghamez@google.it,Female,Murcia,Oriole Parkway,15466
541,Maryl,Kindle,mkindlef0@lulu.com,Female,Santander,Independence Way,84132
542,Francisco,Struther,fstrutherf1@mapy.cz,Male,,Glacier Hill Crossing,36
543,Mano,Briat,mbriatf2@parallels.com,,Sevilla,Bultman Street,90
544,Angelika,Heinschke,aheinschkef3@webmd.com,Female,"Coruña, A",Buena Vista Junction,63
545,Killie,Klagges,kklaggesf4@studiopress.com,Male,Malaga,Huxley Road,456
546,Penny,Mallison,pmallisonf5@bbc.co.uk,Female,Palma De Mallorca,Montana Street,213
547,Electra,Duffree,eduffreef6@usgs.gov,,,Evergreen Terrace,9
548,Byran,Van der Brugge,bvanderbruggef7@discovery.com,Male,Malaga,Artisan Drive,02778
549,Vasilis,Vaughton,vvaughtonf8@goo.gl,Male,Donostia-San Sebastian,,
550,Rosemonde,Casaro,rcasarof9@edublogs.org,Female,,1st Avenue,088
551,Jill,Diggin,jdigginfa@yandex.ru,Female,,Portage Drive,904
552,Germain,Fouldes,gfouldesfb@unblog.fr,Male,Granada,Riverside Lane,65
553,Shermie,Sagerson,ssagersonfc@cbc.ca,Bigender,Castellon De La Plana/Castello De La Pla,Sunfield Point,59189
554,Deva,Palphramand,dpalphramandfd@skype.com,Female,Leon,Havey Lane,5503
555,Martynne,Cowser,mcowserfe@imgur.com,Non-binary,Sevilla,Mifflin Point,53739
556,Roda,Keneleyside,rkeneleysideff@photobucket.com,,Zamora,Jay Point,29
557,Ruthie,Daughton,rdaughtonfg@ed.gov,Female,Madrid,Gina Pass,01
558,Gary,Pritchard,gpritchardfh@nih.gov,Male,Valencia,Continental Road,4003
559,Anabal,Eggerton,aeggertonfi@ft.com,,Vitoria-Gasteiz,Ryan Lane,6671
560,Jocelin,Cockland,jcocklandfj@twitter.com,Female,Ferrol,Lyons Avenue,38383
561,Dori,Brougham,dbroughamfk@exblog.jp,Female,Tarragona,Tennessee Hill,78
562,Chrotoem,Giller,cgillerfl@microsoft.com,Male,Elx/Elche,Sunfield Plaza,0118
563,Jacobo,Meach,jmeachfm@google.es,Male,Lleida,Pine View Road,47750
564,Tracy,Bramley,tbramleyfn@vinaora.com,Polygender,Cadiz,Kenwood Way,6195
565,Arny,Dono,adonofo@t.co,Male,Madrid,New Castle Parkway,6
566,Dene,Newvell,dnewvellfp@unicef.org,Male,Teruel,Westerfield Avenue,897
567,Chickie,Corkhill,ccorkhillfq@china.com.cn,Male,Valladolid,4th Street,9
568,Willey,Mair,wmairfr@engadget.com,,Madrid,Hauk Court,786
569,Mickie,Prando,mprandofs@mapquest.com,Agender,Malaga,Monica Point,2107
570,Gweneth,Dossett,gdossettft@elegantthemes.com,Female,,Linden Pass,825
571,Guilbert,Chopping,gchoppingfu@samsung.com,Male,Santiago De Compostela,Trailsway Parkway,731
572,Odell,Coldrick,ocoldrickfv@addthis.com,Male,Madrid,Scofield Lane,29526
573,Savina,Robertelli,srobertellifw@hao123.com,Female,"Palmas De Gran Canaria, Las",Declaration Drive,95976
574,Stevie,Bignall,sbignallfx@opensource.org,,Castellon De La Plana/Castello De La Pla,Huxley Park,64869
575,Beauregard,Escalante,bescalantefy@reuters.com,Genderqueer,"Hospitalet De Llobregat, L'",Londonderry Street,3
576,Koressa,Chaize,kchaizefz@berkeley.edu,Female,Pamplona/Iruña,Magdeline Terrace,84
577,Binny,Sappson,bsappsong0@howstuffworks.com,Female,Santander,5th Drive,4
578,Malinda,Baldazzi,,Agender,Torrevieja,Westend Parkway,4079
579,Aleen,Mountfort,amountfortg2@sakura.ne.jp,,Huesca,Sauthoff Lane,6304
580,Gwenneth,Larwell,glarwellg3@sfgate.com,Female,Gijon,Huxley Terrace,11
581,Leeann,Kasbye,lkasbyeg4@purevolume.com,Female,Sant Cugat Del Valles,Oriole Street,2
582,Thomasa,Grastye,tgrastyeg5@shinystat.com,Female,Valencia,Glacier Hill Road,0781
583,Townie,Beynke,tbeynkeg6@webs.com,Male,Castellon De La Plana/Castello De La Pla,6th Place,75
584,Gareth,Hanby,ghanbyg7@foxnews.com,Male,Santiago De Compostela,Thompson Park,57867
585,Beaufort,Jina,bjinag8@microsoft.com,Male,Donostia-San Sebastian,Pepper Wood Way,03
586,Ferdinanda,Thomlinson,fthomlinsong9@posterous.com,Female,Valladolid,Vernon Lane,5018
587,Del,Cerman,dcermanga@icio.us,Male,"Coruña, A",Schurz Pass,64965
588,Dallas,Binks,dbinksgb@digg.com,Female,Leon,New Castle Alley,26714
589,Teddy,Matovic,tmatovicgc@zimbio.com,Male,Malaga,Beilfuss Terrace,86
590,Verena,Sleicht,vsleichtgd@bravesites.com,Female,Pamplona/Iruña,Welch Drive,511
591,Fionna,Disman,fdismange@artisteer.com,Female,Fuenlabrada,Manufacturers Crossing,80
592,Beilul,Ropartz,bropartzgf@twitter.com,Female,Sevilla,Parkside Park,54802
593,Noreen,Crann,,Female,Leon,Lake View Point,875
594,Georgie,Tippett,gtippettgh@google.co.jp,Male,Valencia,Pond Terrace,55717
595,Thorny,Peter,tpetergi@woothemes.com,Male,,Pepper Wood Terrace,76
596,Brynn,Tinline,btinlinegj@cbsnews.com,Female,Badajoz,Dorton Alley,97
597,Adaline,Denmead,adenmeadgk@mail.ru,Female,Getafe,Westerfield Park,56
598,Raynor,Trussman,rtrussmangl@google.cn,Male,Santiago De Compostela,Saint Paul Plaza,545
599,Reidar,Osmint,rosmintgm@apache.org,Male,Telde,Rieder Point,355
600,Wallis,Constable,wconstablegn@topsy.com,Male,Sevilla,Warner Junction,21
601,Cecilia,Lush,,Female,Malaga,Mallard Avenue,03819
602,Renaud,Aberkirdo,,Male,,Gerald Lane,112
603,Ezra,Vain,evaingq@buzzfeed.com,Male,Badajoz,Cascade Crossing,04
604,Abdel,Harlow,aharlowgr@harvard.edu,Male,Sevilla,Spohn Parkway,2
605,Burl,Brasted,bbrastedgs@netlog.com,Male,Zamora,Transport Road,6
606,Cymbre,Shapland,cshaplandgt@vkontakte.ru,Female,Ourense,Northridge Way,87164
607,Helenka,Petrie,hpetriegu@yelp.com,,Malaga,Northridge Terrace,63
608,Gloria,Standrin,gstandringv@amazon.com,Female,Pontevedra,Ridgeview Trail,14810
609,Gwendolen,Hagyard,ghagyardgw@merriam-webster.com,Female,Madrid,Sutherland Alley,30385
610,Matelda,Jobb,mjobbgx@nyu.edu,Female,Palma De Mallorca,Surrey Alley,82617
611,Jacinda,Kenna,jkennagy@sbwire.com,Female,,Erie Park,48639
612,Germaine,Dragoe,gdragoegz@msn.com,Male,,,
613,Johnny,Lemary,jlemaryh0@altervista.org,Male,,Dixon Drive,5512
614,Ardath,Wadforth,awadforthh1@tinyurl.com,Female,,Arkansas Plaza,4
615,Rudd,Palphramand,rpalphramandh2@illinois.edu,Male,Logroño,Spaight Pass,0
616,Crawford,Daymond,cdaymondh3@indiatimes.com,Male,,Upham Park,920
617,Clark,Bulch,cbulchh4@wikispaces.com,Male,Madrid,Lotheville Point,3
618,Bridie,Bygreaves,bbygreavesh5@macromedia.com,Female,Vitoria-Gasteiz,Heffernan Court,892
619,Nicky,Bernier,nbernierh6@4shared.com,Agender,Valladolid,Waubesa Trail,55
620,Neala,Dureden,nduredenh7@illinois.edu,,Granada,Luster Point,28
621,Tarah,Geldart,tgeldarth8@hibu.com,Female,Vigo,Lillian Park,8
622,Rosemaria,Giblin,rgiblinh9@weibo.com,Female,Santander,Lindbergh Parkway,49744
623,Jaynell,Laxe,jlaxeha@sphinn.com,Female,Castellon De La Plana/Castello De La Pla,Maple Wood Street,448
624,Lonni,Espine,lespinehb@globo.com,Female,Santander,Monica Center,59300
625,Carly,Camous,ccamoushc@chron.com,Polygender,Granada,Lien Alley,40
626,Katheryn,Fairy,kfairyhd@nymag.com,Polygender,Barcelona,Rowland Parkway,87317
627,Berty,Hasloch,bhaslochhe@wikimedia.org,Male,Sabadell,Carioca Circle,43
628,Devondra,Mathias,dmathiashf@newyorker.com,Female,Logroño,Summit Street,840
629,Opaline,Alti,oaltihg@ifeng.com,,,Heath Junction,4934
630,Gerick,Oris,gorishh@dailymotion.com,Male,,Valley Edge Road,9593
631,Janna,McLaren,jmclarenhi@ihg.com,Female,Granada,Elka Circle,34
632,Trudie,McClounan,tmcclounanhj@wsj.com,Female,Teruel,Ridgeview Lane,1
633,Linnea,Drinan,ldrinanhk@java.com,,,Service Trail,5
634,Donnie,Boller,dbollerhl@webeden.co.uk,Male,Logroño,Luster Pass,233
635,Dehlia,Vedishchev,dvedishchevhm@wiley.com,Female,Donostia-San Sebastian,Oak Valley Circle,291
636,Em,Kealy,ekealyhn@fc2.com,Female,Palma De Mallorca,Elka Court,565
637,Rodd,Baldinotti,rbaldinottiho@themeforest.net,Male,Santiago De Compostela,Sullivan Crossing,1931
638,Jethro,Squibbes,jsquibbeshp@xing.com,Male,Huesca,Kingsford Junction,53676
639,Ozzy,Cannings,ocanningshq@statcounter.com,Male,Dos Hermanas,Northridge Way,650
640,Nadiya,Girling,ngirlinghr@quantcast.com,Female,,Laurel Street,119
641,Jaclyn,Braisher,jbraisherhs@google.co.uk,Female,Valencia,Novick Pass,44
642,Althea,Delgadillo,adelgadilloht@opensource.org,Female,Ceuta,Badeau Plaza,02
643,Matt,Bishop,mbishophu@discuz.net,Non-binary,Donostia-San Sebastian,Forster Terrace,414
644,Germaine,O' Gara,gogarahv@miitbeian.gov.cn,Male,"Coruña, A",Rutledge Court,7131
645,Ericha,Castane,ecastanehw@google.com.au,Bigender,Badajoz,Clarendon Court,10348
646,Ashbey,Parkyns,aparkynshx@soundcloud.com,Male,Barcelona,Pankratz Junction,14018
647,Priscella,Sciusscietto,psciussciettohy@usgs.gov,Female,Sabadell,Westridge Lane,0732
648,Osborn,Espinosa,oespinosahz@ucoz.ru,Male,Granada,Blue Bill Park Circle,5
649,Johnnie,Bagehot,jbagehoti0@cisco.com,Male,Barcelona,Ruskin Pass,8
650,Anna,Edinburgh,aedinburghi1@salon.com,Female,"Coruña, A",Ryan Hill,6603
651,Mariellen,Smail,msmaili2@diigo.com,Female,Zamora,International Place,95
652,Tucky,Coase,tcoasei3@sciencedaily.com,Male,Santiago De Compostela,Stephen Park,93885
653,Zeb,Frandsen,zfrandseni4@ox.ac.uk,Male,Lleida,Claremont Plaza,617
654,Ellswerth,Dumbreck,edumbrecki5@china.com.cn,Male,Dos Hermanas,Wayridge Hill,0451
655,Dexter,Haward,dhawardi6@zdnet.com,Male,Valladolid,Amoth Trail,92
656,Harry,Bolus,hbolusi7@twitpic.com,Male,Valladolid,Columbus Hill,7
657,Agace,Berthomieu,aberthomieui8@lulu.com,,Leon,Eggendart Parkway,85
658,Lonnie,Thorouggood,lthorouggoodi9@tamu.edu,Female,,Paget Alley,802
659,Em,Grimsley,egrimsleyia@buzzfeed.com,Male,Logroño,Delaware Terrace,50
660,Johnath,Rainsdon,jrainsdonib@godaddy.com,Female,Santander,John Wall Junction,6
661,Ignaz,Calverley,icalverleyic@netlog.com,Male,Telde,Eastwood Avenue,1220
662,Letta,Linklater,llinklaterid@rakuten.co.jp,Female,,Fairfield Parkway,0868
663,Sayers,Rickesies,srickesiesie@shop-pro.jp,Male,Sabadell,Talisman Way,689
664,Aurora,Basant,abasantif@seattletimes.com,Female,Getafe,Duke Plaza,8
665,Janot,Tewkesberry,jtewkesberryig@mit.edu,Female,Barcelona,Stone Corner Pass,6
666,Micki,Van Der Hoog,,Female,Barcelona,Hayes Hill,4
667,Humbert,Prestner,hprestnerii@ucoz.com,Male,Murcia,Steensland Pass,9
668,Nigel,Mougeot,nmougeotij@umn.edu,Male,Pamplona/Iruña,Fieldstone Alley,5508
669,Fidelity,Grunder,fgrunderik@google.it,,Fuenlabrada,Sundown Point,31208
670,Davide,Assad,dassadil@nih.gov,Male,Madrid,Golden Leaf Hill,105
671,Alexis,Moss,amossim@typepad.com,Genderqueer,Sabadell,Memorial Park,98013
672,Martguerita,Woodhams,mwoodhamsin@google.com,Female,Lleida,Katie Street,70
673,Emmalynn,Storrie,estorrieio@bandcamp.com,Female,Jaen,Iowa Terrace,0171
674,Reeba,Mosby,rmosbyip@i2i.jp,Female,Valencia,Stoughton Lane,8
675,Sheela,Hegley,shegleyiq@wiley.com,Female,Malaga,Commercial Lane,3121
676,Justin,Boyse,jboyseir@wikia.com,,"Coruña, A",Eagle Crest Trail,012
677,Hunfredo,Rodliff,hrodliffis@com.com,Male,,Loftsgordon Alley,90
678,Renaldo,Rowles,rrowlesit@biglobe.ne.jp,Male,Vigo,Lakewood Gardens Center,23051
679,Kennedy,Dimond,kdimondiu@biglobe.ne.jp,Male,,Glendale Trail,74930
680,Fania,Rolinson,frolinsoniv@unicef.org,Female,Barcelona,North Point,68052
681,Em,Tschersich,etschersichiw@bbc.co.uk,Male,"Palmas De Gran Canaria, Las",Nova Point,14
682,Cordelie,Mould,cmouldix@whitehouse.gov,Female,Lleida,Waxwing Park,984
683,Ax,Hadye,ahadyeiy@is.gd,Male,Barcelona,Anhalt Place,1639
684,Karna,McGow,kmcgowiz@hhs.gov,Female,Badajoz,Gateway Place,4820
685,Carmencita,Fairlam,cfairlamj0@umich.edu,Female,Granada,New Castle Lane,5586
686,Blaine,MacKeig,bmackeigj1@last.fm,Male,Elx/Elche,John Wall Park,80007
687,Lucie,Foulkes,lfoulkesj2@wordpress.com,Female,Zamora,Bellgrove Court,327
688,Elwyn,Crandon,ecrandonj3@ycombinator.com,Male,Granada,Spohn Alley,98479
689,Dionisio,Woodworth,dwoodworthj4@canalblog.com,Male,Malaga,Monument Alley,858
690,Francoise,Catterson,fcattersonj5@privacy.gov.au,Female,Girona,Grover Hill,16
691,Tibold,Zanetto,tzanettoj6@dion.ne.jp,Polygender,Lleida,Paget Trail,57775
692,Derk,Lipgens,dlipgensj7@angelfire.com,Male,,Crownhardt Way,5
693,Taylor,Dafydd,tdafyddj8@chicagotribune.com,Male,Salamanca,Westport Center,82
694,Hollis,Tigner,htignerj9@tuttocitta.it,Male,Cadiz,Del Sol Drive,372
695,Waylan,Arp,warpja@who.int,Male,Albacete,Prentice Terrace,7651
696,Tadd,McIntosh,tmcintoshjb@jigsy.com,Male,Palma De Mallorca,Milwaukee Junction,27
697,Sean,Herity,sherityjc@webmd.com,Genderfluid,Madrid,Dapin Trail,1538
698,Saidee,Hawtrey,shawtreyjd@amazon.de,,Palma De Mallorca,Reinke Drive,2
699,Moyra,Barnaclough,mbarnacloughje@digg.com,Female,Pontevedra,Di Loreto Hill,7216
700,Ricky,Gambie,rgambiejf@reddit.com,Female,Madrid,Bartillon Center,0443
701,Elyse,Dansie,edansiejg@ifeng.com,Female,Cadiz,Larry Avenue,031
702,Evyn,Dolphin,edolphinjh@oaic.gov.au,Male,Logroño,Bobwhite Court,4
703,Sallee,Strowthers,sstrowthersji@usatoday.com,Female,Madrid,Messerschmidt Hill,2588
704,Sharon,Coulston,scoulstonjj@odnoklassniki.ru,Female,Valencia,Barnett Drive,87
705,Idell,Glencross,iglencrossjk@slashdot.org,Female,"Palmas De Gran Canaria, Las",Hollow Ridge Drive,73339
706,Cobb,Grinnell,cgrinnelljl@ihg.com,Male,Valladolid,Old Gate Point,16
707,Emanuel,Mateos,emateosjm@meetup.com,Male,,Sheridan Circle,1
708,Rani,Risdale,rrisdalejn@cocolog-nifty.com,Agender,Palma De Mallorca,Talmadge Lane,48752
709,Abigale,Milington,amilingtonjo@google.com.br,Female,Sabadell,Carpenter Alley,4634
710,Florida,Wilmington,fwilmingtonjp@npr.org,,Granada,Bellgrove Trail,050
711,Dona,Leopold,dleopoldjq@cnn.com,Female,Cadiz,Glacier Hill Circle,889
712,Eada,Whitsey,ewhitseyjr@bandcamp.com,Female,Cadiz,Sutteridge Court,2952
713,Jacqui,Grindrod,jgrindrodjs@drupal.org,Female,Valencia,Garrison Plaza,37439
714,Davie,Went,dwentjt@nasa.gov,Male,,Blackbird Avenue,905
715,Cassondra,Jovey,cjoveyju@shinystat.com,Female,"Coruña, A",Cascade Junction,23
716,Barbara-anne,Corrie,bcorriejv@tumblr.com,Female,Ceuta,Forster Drive,22
717,Alfons,Antoszczyk,aantoszczykjw@bloglovin.com,Male,,Acker Junction,976
718,Corby,Le Marquand,clemarquandjx@youtube.com,Male,Cartagena,,
719,Constantia,Fear,cfearjy@over-blog.com,Female,Madrid,Manley Trail,23
720,Jourdain,Tenny,jtennyjz@exblog.jp,Male,Vitoria-Gasteiz,Meadow Valley Street,024
721,Levi,Walsham,lwalshamk0@census.gov,Male,Elx/Elche,Jana Terrace,4457
722,Ignacio,McComas,imccomask1@blogspot.com,Male,Almeria,,
723,Sephira,Bleackley,sbleackleyk2@liveinternet.ru,,Girona,Birchwood Road,4
724,Korney,Sigward,ksigwardk3@blogs.com,Female,,Pond Hill,93012
725,Nara,Fumagalli,nfumagallik4@scribd.com,Female,Vitoria-Gasteiz,,
726,Penny,Manass,pmanassk5@pbs.org,Female,Alicante/Alacant,Union Place,41566
727,Joni,Siggins,jsigginsk6@github.com,Female,Albacete,Jana Alley,8960
728,Jewel,Farmer,jfarmerk7@unblog.fr,Female,Huesca,Surrey Place,7308
729,Lorne,Niset,lnisetk8@nydailynews.com,Female,Vigo,Old Shore Crossing,9219
730,Jocelin,Lansbury,jlansburyk9@github.com,Female,Pontevedra,North Lane,7846
731,North,Spikins,nspikinska@yolasite.com,Male,Madrid,Butterfield Alley,8
732,Jennine,Sandifer,jsandiferkb@themeforest.net,Female,Palma De Mallorca,Barnett Place,3
733,Lazare,Anderton,,,Girona,Grover Point,16
734,Abbe,Caunter,acaunterkd@cargocollective.com,,Jaen,,
735,Cal,Curedell,ccuredellke@booking.com,Female,Valencia,Sommers Parkway,00857
736,Bruno,Jennaroy,bjennaroykf@earthlink.net,Male,,Armistice Court,0
737,Rip,Grimsdale,rgrimsdalekg@google.fr,Male,Murcia,Portage Lane,9
738,Gus,Deakes,gdeakeskh@ucoz.com,Female,Almeria,Oakridge Center,854
739,Amory,Laherty,alahertyki@wix.com,Male,,,
740,Lincoln,Brailey,lbraileykj@ftc.gov,Male,Donostia-San Sebastian,Atwood Avenue,77951
741,Dahlia,Sivil,dsivilkk@ask.com,Female,,Coleman Drive,605
742,Leila,cornhill,lcornhillkl@sun.com,Female,"Palmas De Gran Canaria, Las",Marcy Pass,5764
743,Wendeline,Oakey,woakeykm@gnu.org,Bigender,Gijon,Manitowish Court,5187
744,Ninnetta,Groneway,ngronewaykn@tamu.edu,Female,,4th Lane,0365
745,Yves,Gronaller,ygronallerko@google.nl,Male,Sabadell,Packers Alley,52
746,Clementius,Halbord,chalbordkp@flavors.me,Male,Malaga,Farragut Center,07409
747,Ludovico,Merrisson,lmerrissonkq@wikimedia.org,Male,Sabadell,Bluestem Point,223
748,Enrico,Hassett,ehassettkr@google.fr,Male,Almeria,Butterfield Drive,238
749,Madelena,Nother,mnotherks@home.pl,Female,Valladolid,Hagan Pass,8
750,Woodie,Alder,walderkt@ow.ly,Male,Valladolid,Pierstorff Lane,7
751,Hedda,McClymont,hmcclymontku@indiatimes.com,Female,Granada,Lake View Crossing,0
752,Amii,Saddler,asaddlerkv@booking.com,Female,Vitoria-Gasteiz,Waywood Lane,591
753,Wylma,Sleet,wsleetkw@independent.co.uk,Female,Valencia,Pleasure Point,8
754,Abbe,Pagel,apagelkx@howstuffworks.com,Female,,Corben Parkway,2
755,Jillian,Danbi,jdanbiky@cocolog-nifty.com,,,Sutherland Park,5902
756,Seth,Fleckno,sflecknokz@gmpg.org,Male,Palma De Mallorca,Morningstar Street,85
757,Andie,Belding,abeldingl0@mail.ru,Male,Madrid,Randy Street,9
758,Rinaldo,Flett,rflettl1@pbs.org,Male,Granada,Cody Center,98
759,Inessa,Brosius,ibrosiusl2@nbcnews.com,Bigender,Fuenlabrada,Lillian Circle,395
760,Frank,Midner,fmidnerl3@nationalgeographic.com,Male,"Palmas De Gran Canaria, Las",Birchwood Road,6
761,Wynnie,MacNeil,wmacneill4@behance.net,Female,,Corben Park,569
762,Herc,Vasilenko,hvasilenkol5@hatena.ne.jp,Male,Palencia,Schurz Pass,8876
763,Rachelle,Rosoni,rrosonil6@ihg.com,Female,Logroño,Dayton Circle,88
764,Minta,Fockes,mfockesl7@google.com,,Santiago De Compostela,Spohn Street,06
765,Clarita,Srutton,csruttonl8@bbb.org,Female,Leganes,3rd Road,9421
766,Keir,Leadbetter,kleadbetterl9@fastcompany.com,Male,Albacete,Fairfield Lane,567
767,Cassondra,Narducci,cnarduccila@amazon.co.uk,Female,"Palmas De Gran Canaria, Las",Hoard Park,718
768,Andras,Ransome,aransomelb@behance.net,Male,Salamanca,Westend Place,57
769,Miriam,Copnell,mcopnelllc@abc.net.au,,"Palmas De Gran Canaria, Las",Oneill Trail,8
770,Rand,Richt,rrichtld@slate.com,Male,Jaen,Dottie Center,2
771,Evan,Beastall,ebeastallle@nbcnews.com,Male,Santander,Armistice Junction,1
772,Corey,Rathbourne,crathbournelf@fda.gov,Female,Telde,Calypso Pass,09
773,Alfonse,Zincke,azinckelg@freewebs.com,Male,"Palmas De Gran Canaria, Las",Warbler Park,907
774,Yuri,Armatidge,yarmatidgelh@cbslocal.com,Male,Palencia,Mallard Alley,92582
775,Sherwood,Wetherburn,swetherburnli@dion.ne.jp,Male,Malaga,Summer Ridge Avenue,1453
776,Leeanne,Kern,lkernlj@theatlantic.com,Female,Girona,Daystar Place,9014
777,Noel,Mugglestone,nmugglestonelk@arizona.edu,Male,Zamora,,
778,Wernher,Brechin,wbrechinll@google.fr,Agender,Granada,Bowman Pass,201
779,Rozanne,Rolinson,,Female,Cadiz,Porter Junction,8239
780,Latrina,Duesberry,lduesberryln@google.ca,Female,Valencia,Gale Lane,51171
781,Akim,Needs,aneedslo@oakley.com,,"Palmas De Gran Canaria, Las",Susan Junction,0095
782,Arman,McCraine,amccrainelp@gnu.org,Male,Leon,Rieder Hill,05137
783,Zebulon,Soda,zsodalq@blogspot.com,,Vigo,Elgar Street,47201
784,Laetitia,Bebis,lbebislr@skyrock.com,,Gijon,6th Parkway,8
785,Olva,Cahalan,ocahalanls@ifeng.com,Female,Pontevedra,,
786,Walther,Driutti,wdriuttilt@ifeng.com,Male,,Commercial Avenue,8076
787,Abagail,Crank,acranklu@wikispaces.com,Female,Malaga,Summer Ridge Alley,2
788,Lissa,Regan,lreganlv@multiply.com,Female,Cadiz,,
789,Otho,Varga,ovargalw@twitter.com,Male,Aviles,Kennedy Alley,79
790,Chrysa,Bruton,cbrutonlx@github.com,Female,,Steensland Street,0695
791,Dottie,Veysey,dveyseyly@un.org,Female,Donostia-San Sebastian,Waywood Hill,37509
792,Cammy,Rising,crisinglz@biglobe.ne.jp,Female,Logroño,Dwight Alley,549
793,Kirbie,Le Grand,klegrandm0@prnewswire.com,Female,Castellon De La Plana/Castello De La Pla,Judy Street,0
794,Patty,Woolger,pwoolgerm1@redcross.org,Female,,Melvin Avenue,6
795,Obediah,Gorcke,ogorckem2@furl.net,Male,Lleida,Pankratz Alley,881
796,Felipe,Lyston,flystonm3@hostgator.com,Polygender,"Palmas De Gran Canaria, Las",Riverside Alley,6585
797,Moyna,Fairhead,mfairheadm4@wp.com,Genderqueer,"Palmas De Gran Canaria, Las",Comanche Street,3
798,Chandler,MacAirt,cmacairtm5@google.co.uk,Male,Valladolid,Buell Circle,39103
799,Temple,Poetz,tpoetzm6@jalbum.net,Male,Palma De Mallorca,Muir Parkway,19763
800,Kalila,Danat,kdanatm7@histats.com,Female,Ferrol,Meadow Ridge Place,3
801,Decca,Speke,dspekem8@shinystat.com,Male,,Annamark Court,46958
802,Cristiano,Davidovicz,cdavidoviczm9@msn.com,,Huesca,Paget Trail,63
803,Harwilll,Gladdor,hgladdorma@spotify.com,Male,Donostia-San Sebastian,Dunning Center,507
804,Burton,Caldayrou,bcaldayroumb@blogs.com,Male,Almeria,Dennis Avenue,54
805,Emilia,Mompesson,emompessonmc@cdbaby.com,,Badajoz,Bunker Hill Court,1
806,Josephina,Doy,jdoymd@wunderground.com,Female,Leganes,,
807,Marcella,Mallabone,mmallaboneme@accuweather.com,Female,Valencia,Erie Place,99
808,Shae,Hendriks,shendriksmf@skyrock.com,Male,Leganes,Esch Road,4
809,Stefa,Pinkard,spinkardmg@t.co,Female,Madrid,Rusk Street,1
810,Germain,Bignall,gbignallmh@domainmarket.com,Male,Santander,Farwell Pass,13
811,Jan,Blaksley,jblaksleymi@google.com,Female,"Coruña, A",American Ash Court,6099
812,Quinn,Brenton,qbrentonmj@blogtalkradio.com,Female,Gijon,Lakeland Junction,5495
813,Hildagarde,Phin,hphinmk@prweb.com,Bigender,Telde,Prentice Terrace,56864
814,Pernell,Well,pwellml@wordpress.org,Male,Madrid,Arkansas Parkway,4087
815,Ruperta,Meaker,rmeakermm@paypal.com,Female,Albacete,,
816,Pepe,Giorgetti,pgiorgettimn@sfgate.com,Genderqueer,Pontevedra,Ohio Hill,67231
817,Farr,Henke,fhenkemo@xrea.com,Male,Sant Cugat Del Valles,Anderson Circle,4
818,Viola,Conley,vconleymp@yahoo.co.jp,Female,Vigo,Brickson Park Park,27389
819,Vaughan,O'Doohaine,vodoohainemq@prnewswire.com,Male,,Jackson Lane,30
820,Nanon,Osipov,nosipovmr@netlog.com,Female,Vitoria-Gasteiz,Garrison Street,92968
821,Gifford,Olenin,goleninms@spiegel.de,Male,Pontevedra,Elmside Center,608
822,Kalvin,Antoniewicz,kantoniewiczmt@yale.edu,Male,Albacete,Steensland Plaza,83624
823,Salim,Dominy,sdominymu@senate.gov,Male,Palma De Mallorca,Grasskamp Crossing,963
824,Mae,Duignan,mduignanmv@1und1.de,Female,Elx/Elche,Algoma Pass,7879
825,Ange,Mahedy,amahedymw@xrea.com,Male,Telde,Cody Trail,8
826,Banky,Zucker,bzuckermx@mashable.com,Male,Elx/Elche,Bowman Park,2
827,Lacee,Robertet,lrobertetmy@google.com.br,Female,,Warrior Lane,8049
828,Morlee,MacAllan,mmacallanmz@google.cn,Male,Malaga,Burrows Park,993
829,Daffie,Moat,dmoatn0@discovery.com,Female,Zamora,Fulton Court,7
830,Sophey,Dory,sdoryn1@columbia.edu,Female,Leon,Holmberg Pass,41804
831,Loree,Goldstein,lgoldsteinn2@networksolutions.com,Female,,Sachtjen Place,627
832,Fletch,Spuffard,fspuffardn3@blogs.com,Male,,American Trail,83134
833,Zaccaria,Meeus,zmeeusn4@loc.gov,Male,Santander,Lien Center,3417
834,Hortense,Witson,hwitsonn5@jalbum.net,Female,,Jenna Road,06941
835,Saxon,Tudor,studorn6@shinystat.com,Male,Cadiz,Anniversary Circle,16
836,Madlin,Lakeman,mlakemann7@xing.com,Female,Vitoria-Gasteiz,American Trail,330
837,Kristan,Ellam,kellamn8@china.com.cn,Genderfluid,Madrid,Moose Alley,42
838,Petronille,Powderham,ppowderhamn9@google.com.br,Female,Pamplona/Iruña,Del Sol Trail,7
839,Shirline,Ward,swardna@newsvine.com,Female,Cadiz,Ryan Circle,5138
840,Torre,Ortiga,tortiganb@facebook.com,Male,,Scofield Junction,477
841,Frederico,Pooly,fpoolync@weather.com,Male,Dos Hermanas,Fuller Street,8
842,Kara,Svanini,ksvaninind@aol.com,Female,Huesca,Weeping Birch Plaza,9
843,Arel,Harber,aharberne@hhs.gov,Male,Girona,Grim Pass,7
844,Calli,Feenan,cfeenannf@sun.com,Agender,,Burrows Pass,4
845,Kalie,Michelotti,kmichelotting@telegraph.co.uk,Female,Sabadell,Prairieview Parkway,8
846,Nicolle,Erridge,,Female,Pontevedra,Upham Circle,7336
847,Herve,Bickersteth,hbickerstethni@123-reg.co.uk,Male,Almeria,Elmside Trail,29512
848,Dorette,Muck,dmucknj@theglobeandmail.com,Female,Ourense,,
849,Annabal,Blockwell,ablockwellnk@google.com.au,Bigender,Granada,,
850,Law,Gligoraci,lgligoracinl@ebay.com,Male,,Moose Place,94
851,Filberte,Jeckells,fjeckellsnm@springer.com,Male,Santander,Gateway Circle,218
852,Maryl,Beynon,mbeynonnn@nih.gov,Female,Palma De Mallorca,Waubesa Parkway,43750
853,Mara,Cauldwell,mcauldwellno@csmonitor.com,Female,Zamora,Center Drive,4
854,Armand,Soro,asoronp@mtv.com,Male,Jaen,Hooker Place,445
855,Clarence,Manilow,cmanilownq@aol.com,Male,Jaen,Clemons Court,6982
856,Alejandro,Chese,achesenr@zimbio.com,Male,Palencia,,
857,Davita,Garrie,dgarriens@java.com,Female,Logroño,Green Ridge Park,53
858,Ferdinande,Annakin,fannakinnt@marriott.com,Female,Sevilla,Waubesa Plaza,27422
859,Luisa,Adelberg,ladelbergnu@elegantthemes.com,Female,Murcia,,
860,Fredric,Uren,furennv@webs.com,Male,,Sage Court,1887
861,Nikolos,McGillreich,nmcgillreichnw@bbb.org,Male,Valencia,Fremont Way,0189
862,Phil,Caswell,pcaswellnx@newsvine.com,Male,Madrid,Melody Road,25443
863,Odilia,Tellenbrok,otellenbrokny@youtu.be,Genderfluid,Valladolid,Nova Way,33769
864,Kara,MacCallam,kmaccallamnz@exblog.jp,Female,,Center Junction,4
865,Phip,Benoey,pbenoeyo0@intel.com,Male,Ferrol,Corben Avenue,4805
866,Wilek,de Nore,wdenoreo1@booking.com,Male,,Corscot Junction,9
867,Zoe,Franzen,zfranzeno2@time.com,Female,Palma De Mallorca,Merrick Place,356
868,Raddy,Rookwell,rrookwello3@springer.com,Male,,Menomonie Crossing,22512
869,Conrad,Cullivan,ccullivano4@ebay.com,Male,Ceuta,Paget Crossing,18
870,Judi,Syer,jsyero5@tamu.edu,,Huesca,Bultman Park,194
871,Korney,Pellamonuten,kpellamonuteno6@reverbnation.com,Non-binary,,Lindbergh Place,178
872,Gale,Edmans,gedmanso7@senate.gov,Female,Leon,Fairfield Park,23
873,Lynett,Toffolo,ltoffoloo8@mlb.com,Female,Jaen,Green Ridge Avenue,59
874,Roch,Twamley,rtwamleyo9@yellowbook.com,Bigender,Getafe,Maywood Junction,1019
875,Shem,Bleythin,sbleythinoa@i2i.jp,,Vitoria-Gasteiz,Memorial Court,6717
876,Mallory,Crallan,mcrallanob@issuu.com,Male,Murcia,Hoepker Junction,87898
877,Verla,Pandey,vpandeyoc@vimeo.com,Female,Leon,Calypso Park,89500
878,Rudiger,Blackman,rblackmanod@unblog.fr,Male,Santander,David Trail,678
879,Gabrielle,Iwanczyk,,Female,Valencia,Onsgard Way,01
880,Dex,Langhorn,dlanghornof@ca.gov,Male,Cartagena,Gateway Parkway,5807
881,Jerrome,Beven,jbevenog@trellian.com,Male,"Palmas De Gran Canaria, Las",Clyde Gallagher Park,03109
882,Hernando,Cockshutt,hcockshuttoh@imgur.com,Male,Valencia,4th Street,7
883,Moyra,Saffen,msaffenoi@shareasale.com,Female,Aviles,Blaine Hill,95124
884,Terri-jo,Bartolomeotti,tbartolomeottioj@bloomberg.com,Female,Lleida,Lyons Point,706
885,Windham,Badham,wbadhamok@wired.com,Male,"Hospitalet De Llobregat, L'",Nelson Junction,68
886,Imelda,Sweetenham,isweetenhamol@amazonaws.com,Female,Madrid,Kinsman Terrace,60
887,Jedediah,Verillo,jverilloom@prnewswire.com,Male,Pontevedra,La Follette Lane,2619
888,Gerri,Addy,gaddyon@a8.net,Female,Logroño,Bunting Avenue,6951
889,Mayer,Humbatch,mhumbatchoo@51.la,Agender,Lleida,Lakeland Place,5831
890,Marylynne,Hursthouse,mhursthouseop@ed.gov,Female,Madrid,Fuller Alley,36568
891,Ardene,Straughan,astraughanoq@aol.com,Female,Vitoria-Gasteiz,Badeau Alley,588
892,Sibylla,Ranyelld,sranyelldor@smugmug.com,Female,,Katie Parkway,78811
893,Orlan,Malloch,omallochos@sphinn.com,Male,Lleida,Debra Lane,76212
894,Saloma,Fines,sfinesot@dell.com,Female,"Palmas De Gran Canaria, Las",Thackeray Road,87
895,Jerad,Disley,jdisleyou@time.com,,Madrid,Sutteridge Road,35875
896,Abran,Folger,afolgerov@ow.ly,Male,Madrid,Burning Wood Plaza,3
897,Abey,Gibbetts,agibbettsow@creativecommons.org,Male,"Palmas De Gran Canaria, Las",Crowley Junction,3
898,Nissa,Clarridge,nclarridgeox@yahoo.com,Non-binary,Malaga,Kedzie Pass,72532
899,Rip,McEnery,rmceneryoy@wikimedia.org,Male,Zamora,Ludington Terrace,198
900,Humbert,Lghan,hlghanoz@friendfeed.com,Male,Vitoria-Gasteiz,Hanson Circle,15434
901,Sheela,Hawthorne,shawthornep0@imgur.com,Female,Ourense,Westend Avenue,70
902,Lemmie,Rutland,lrutlandp1@sun.com,Male,Granada,Arizona Alley,7
903,Flinn,Ellerker,fellerkerp2@freewebs.com,Genderqueer,Torrevieja,Old Shore Crossing,384
904,Laina,Rengger,lrenggerp3@usatoday.com,Female,Palma De Mallorca,Mosinee Crossing,7
905,Gracia,Luckie,gluckiep4@soup.io,Female,Ceuta,Florence Avenue,80288
906,Joscelin,Rhead,jrheadp5@i2i.jp,Female,Granada,Corben Road,59
907,Luke,Seager,lseagerp6@soup.io,Male,Tarragona,Ruskin Court,3695
908,Nerta,Divver,ndivverp7@nifty.com,Female,,Evergreen Point,9
909,Lilah,Melhuish,lmelhuishp8@flickr.com,Non-binary,Donostia-San Sebastian,Northfield Park,60699
910,Brigham,Sturm,bsturmp9@pcworld.com,Male,Huesca,Bluejay Court,64
911,Lorrin,O'Donoghue,lodonoghuepa@jiathis.com,Female,Palma De Mallorca,,
912,Austin,Siret,asiretpb@4shared.com,Male,Santiago De Compostela,Randy Crossing,501
913,Sig,Raund,sraundpc@eventbrite.com,Male,Vigo,Spohn Avenue,75968
914,Garald,Billson,gbillsonpd@latimes.com,Male,,,
915,Danica,Menere,dmenerepe@theguardian.com,Female,Ourense,Springview Center,6
916,Gail,Zotto,gzottopf@who.int,Male,Logroño,Ohio Plaza,4613
917,Edie,Layfield,elayfieldpg@google.com.br,Female,Pamplona/Iruña,Oakridge Avenue,5707
918,Benita,Maypole,bmaypoleph@engadget.com,Female,Ceuta,Rieder Trail,7486
919,Clayton,Le Quesne,clequesnepi@homestead.com,Male,Palma De Mallorca,Maryland Circle,66196
920,Griffin,Confait,gconfaitpj@arizona.edu,Male,,Corry Plaza,44
921,Nick,Heinz,nheinzpk@irs.gov,Male,Sevilla,Mariners Cove Lane,2347
922,Ailyn,Langthorne,alangthornepl@yolasite.com,Female,,Corscot Court,210
923,Sandor,Westmerland,swestmerlandpm@webnode.com,Genderqueer,Vitoria-Gasteiz,Transport Pass,3
924,Celestyn,Lansly,clanslypn@oracle.com,Female,Gijon,Bluestem Alley,37792
925,Briny,Pearmain,bpearmainpo@creativecommons.org,Female,Santiago De Compostela,Hoepker Alley,29
926,Rafael,Baert,rbaertpp@salon.com,Male,Albacete,Monica Drive,54037
927,Basil,Guerola,bguerolapq@apache.org,,Almeria,Bluestem Alley,0
928,Janessa,Robinett,jrobinettpr@multiply.com,Female,Jaen,Oakridge Alley,418
929,Cassandra,Shankle,cshankleps@princeton.edu,Female,Santa Cruz De Tenerife,Sachs Road,24146
930,Appolonia,Bolger,abolgerpt@symantec.com,Female,Sevilla,Manufacturers Lane,84
931,Berne,Hartness,bhartnesspu@dailymail.co.uk,Male,Badajoz,Badeau Road,5
932,Jehanna,Ninnis,jninnispv@cafepress.com,Female,Malaga,Buhler Hill,4743
933,Darryl,Okeshott,dokeshottpw@cdc.gov,Female,Castellon De La Plana/Castello De La Pla,Swallow Crossing,44522
934,Dede,Stalman,dstalmanpx@diigo.com,Female,Fuenlabrada,Esker Court,2
935,Brewer,Salisbury,bsalisburypy@com.com,Male,,Fordem Park,88
936,Rakel,Gadson,rgadsonpz@marketwatch.com,Female,Zamora,Waxwing Center,3
937,Cassaundra,Berre,cberreq0@xrea.com,Female,Albacete,Messerschmidt Alley,9
938,Grange,Mart,gmartq1@google.fr,Male,Malaga,Dunning Terrace,317
939,Hamlen,Waye,hwayeq2@weebly.com,Male,Madrid,Hanover Pass,3681
940,Burlie,Waterhous,bwaterhousq3@cbslocal.com,Male,Valladolid,Gulseth Parkway,78
941,Nickey,Oxlee,noxleeq4@fda.gov,Male,Badajoz,Stephen Center,232
942,Stearn,De Vaan,sdevaanq5@wikispaces.com,Male,,Mallard Junction,5
943,Maritsa,Doale,mdoaleq6@google.nl,,,Toban Center,7
944,Blondell,Scrowson,bscrowsonq7@jimdo.com,Female,"Hospitalet De Llobregat, L'",Scofield Drive,2222
945,Shannon,Dalrymple,sdalrympleq8@about.com,Female,Almeria,Bashford Plaza,7401
946,Gannie,Jaffrey,gjaffreyq9@miitbeian.gov.cn,Male,Murcia,Arrowood Center,370
947,Jamill,Lewson,jlewsonqa@cafepress.com,Male,"Hospitalet De Llobregat, L'",,
948,Manuel,Rosenstein,mrosensteinqb@topsy.com,Male,Donostia-San Sebastian,Carberry Way,327
949,Jerrilee,Dreakin,jdreakinqc@ox.ac.uk,Female,Santander,Becker Park,04342
950,Murial,Powrie,mpowrieqd@feedburner.com,Female,Getafe,Di Loreto Circle,93
951,Albertina,Domino,adominoqe@google.com,Female,Teruel,Hovde Way,8
952,Oliviero,Rock,orockqf@tmall.com,Male,Huesca,Leroy Plaza,0759
953,Jere,Sharvell,jsharvellqg@time.com,Male,Donostia-San Sebastian,Johnson Circle,39154
954,Hilliard,Maiden,hmaidenqh@blogspot.com,Male,Granada,Mifflin Crossing,04
955,Lucias,Wringe,lwringeqi@live.com,Male,Granada,Old Shore Park,6897
956,Franciskus,Eves,fevesqj@alibaba.com,Male,Vitoria-Gasteiz,Cherokee Terrace,86910
957,Jewel,Cameron,jcameronqk@blogger.com,Female,Lugo,Merry Trail,20
958,Cindy,Robardet,crobardetql@usda.gov,,Pontevedra,Everett Circle,4857
959,Ty,Theobold,ttheoboldqm@irs.gov,Male,Tarragona,Amoth Place,67468
960,Ulric,Flieg,ufliegqn@prweb.com,Male,Granada,Grayhawk Terrace,096
961,Doyle,Anfusso,danfussoqo@spiegel.de,Male,Madrid,Florence Junction,0724
962,Domenic,Adger,dadgerqp@time.com,Male,,Gateway Crossing,327
963,Victor,Brotherwood,vbrotherwoodqq@ning.com,,Palma De Mallorca,Golf Lane,516
964,Devon,Farnell,dfarnellqr@histats.com,Female,Gijon,Eastlawn Park,3
965,Marijn,St Clair,mstclairqs@technorati.com,Male,,Jay Drive,57
966,Didi,Hawtry,dhawtryqt@opensource.org,Female,,Packers Way,901
967,Ricki,Nairn,rnairnqu@nhs.uk,Male,Malaga,Claremont Alley,69
968,Brocky,Marfe,bmarfeqv@huffingtonpost.com,Male,Sevilla,Gale Drive,9342
969,Fidole,Sugars,fsugarsqw@goo.gl,Male,Murcia,Michigan Terrace,00652
970,Niki,Bonsey,nbonseyqx@deliciousdays.com,,Barcelona,Goodland Crossing,3045
971,Ly,Gayne,lgayneqy@about.com,Male,Sabadell,Bobwhite Lane,19
972,Saraann,Rintoul,srintoulqz@vistaprint.com,Female,Granada,Calypso Road,9279
973,Cally,Salvadori,csalvadorir0@sitemeter.com,,Ferrol,Pennsylvania Lane,8897
974,Luke,Insley,linsleyr1@ftc.gov,Male,Pamplona/Iruña,,
975,Dasya,Althrope,dalthroper2@yahoo.co.jp,Female,"Palmas De Gran Canaria, Las",Artisan Lane,22119
976,Marchall,Piesold,mpiesoldr3@desdev.cn,Male,Malaga,Crowley Road,61
977,Adham,Krahl,akrahlr4@salon.com,Male,"Coruña, A",Crest Line Plaza,1140
978,Cindelyn,Elbourn,celbournr5@hc360.com,Female,Ceuta,,
979,Boniface,Fearnside,bfearnsider6@furl.net,Male,Granada,Calypso Center,4353
980,Kassandra,Sallinger,ksallingerr7@istockphoto.com,Female,Badajoz,Fallview Alley,0
981,Billie,Brackpool,bbrackpoolr8@histats.com,Male,Lleida,Evergreen Park,9871
982,Sandy,Toffolini,stoffolinir9@oaic.gov.au,Female,Malaga,Bunker Hill Plaza,7
983,Margareta,MacArthur,mmacarthurra@weebly.com,Genderfluid,Valencia,Park Meadow Way,5
984,Lucho,Ledeker,lledekerrb@webs.com,Male,Almeria,Maple Terrace,6493
985,Felizio,Stebbing,fstebbingrc@zimbio.com,Male,Malaga,Trailsway Terrace,30
986,Boyd,Sievewright,bsievewrightrd@behance.net,Male,Malaga,Gale Plaza,00440
987,Cecil,Hemms,chemmsre@reverbnation.com,Male,,Commercial Lane,1737
988,Liuka,Furnell,lfurnellrf@mozilla.com,Female,Malaga,Caliangt Drive,7
989,Jermain,Klassmann,,,Palma De Mallorca,Burning Wood Pass,8083
990,Gawain,Mattheeuw,gmattheeuwrh@google.es,Male,Pamplona/Iruña,Vernon Point,09214
991,Nicolis,Lempertz,nlempertzri@photobucket.com,Male,Almeria,Vera Plaza,9024
992,Teodorico,Pedracci,tpedraccirj@zdnet.com,Male,Logroño,Union Lane,68070
993,Evangelina,Dutton,eduttonrk@altervista.org,Genderqueer,Girona,Redwing Road,60
994,Kirk,Gale,kgalerl@engadget.com,Male,Zamora,Evergreen Avenue,532
995,Martguerita,Itzig,mitzigrm@ebay.com,Female,Toledo,Quincy Avenue,39451
996,Ray,Tarpey,rtarpeyrn@bravesites.com,Female,Zamora,Sommers Terrace,36384
997,Flem,Roderham,froderhamro@dropbox.com,Male,Pontevedra,Eastwood Parkway,93177
998,Winifield,Blakes,wblakesrp@jiathis.com,Male,Vigo,Grayhawk Road,03044
999,Lanita,Espinosa,lespinosarq@discuz.net,Female,Dos Hermanas,Schmedeman Drive,2
1000,Grissel,Siberry,gsiberryrr@wikispaces.com,Female,Leon,Waywood Terrace,42274
